STATUS,EMAIL_CTR,URL_CTR,IP_CTR,SP_CTR
0,0,0,0,4
0,3,4,9,2
0,2,2,8,2
0,19,2,7,3
0,17,5,9,0
0,29,4,9,2
0,21,3,7,3
0,20,2,7,3
0,19,2,7,3
0,21,4,7,3
0,19,2,7,9
0,3,8,9,0
0,19,5,8,2
0,19,6,8,1
0,32,4,9,2
0,19,5,6,2
0,21,5,6,2
0,25,3,7,2
0,39,8,9,2
0,19,5,6,8
0,20,4,5,0
0,21,2,8,3
0,21,2,8,1
0,18,3,8,2
0,19,1,9,1
0,19,3,7,2
0,22,3,7,3
0,21,2,7,3
0,27,4,8,1
0,24,2,10,4
0,35,8,9,1
0,24,1,10,0
0,21,4,5,1
0,17,1,5,12
0,26,4,8,0
0,13,0,5,3
0,29,4,8,1
0,29,5,8,1
0,19,2,8,1
0,26,4,9,3
0,29,4,8,0
0,20,4,9,2
0,21,4,7,2
0,22,4,7,2
0,23,2,10,2
0,23,4,8,3
0,20,4,7,0
0,35,8,9,0
0,18,5,5,1
0,13,1,4,1
0,28,4,8,0
0,18,1,8,0
0,19,3,4,1
0,36,8,9,0
0,20,2,9,2
0,21,6,5,2
0,25,2,9,2
0,25,6,7,2
0,22,4,7,3
0,18,5,5,1
0,18,5,7,0
0,20,4,6,0
0,20,4,7,0
0,30,4,9,0
0,19,1,10,2
0,21,6,7,1
0,18,4,5,0
0,18,4,5,0
0,11,0,3,1
0,22,4,5,5
0,21,2,10,0
0,23,6,6,0
0,19,4,7,0
0,22,5,7,13
0,21,1,10,0
0,21,2,8,0
0,21,1,7,1
0,20,1,10,2
0,18,6,5,1
0,21,2,9,2
0,20,4,9,2
0,20,5,9,2
0,33,6,7,0
0,35,7,7,0
0,21,8,6,2
0,22,5,6,1
0,27,7,6,3
0,26,7,7,2
0,10,2,4,0
0,11,4,4,0
0,28,5,6,0
0,23,7,7,3
0,18,3,6,0
0,20,2,3,0
0,19,39,4,16
0,10,0,5,0
0,18,3,3,0
0,14,1,3,9
0,14,3,6,3
0,23,0,4,0
0,21,4,7,0
0,22,8,6,4
0,20,4,7,1
0,22,4,8,2
0,21,4,7,5
0,19,7,7,3
0,21,4,8,0
0,20,4,8,1
0,19,7,7,4
0,21,6,7,0
0,21,3,8,1
0,20,6,8,3
0,21,4,6,3
0,19,3,8,0
0,18,4,7,0
0,23,3,9,0
0,21,4,6,1
0,18,1,10,1
0,18,3,5,6
0,21,1,7,3
0,20,1,10,5
0,18,1,10,1
0,27,2,10,1
0,21,1,10,0
0,22,1,7,0
0,21,2,8,1
0,20,1,7,0
0,23,3,10,0
0,18,2,6,0
0,19,1,6,6
0,22,1,10,0
0,21,2,8,0
0,34,6,8,2
0,11,2,5,4
0,27,1,8,0
0,23,5,7,1
0,23,4,6,0
0,27,6,6,1
0,25,4,6,0
0,24,6,9,3
0,22,4,6,5
0,29,6,6,6
0,24,4,8,0
0,28,4,8,4
0,29,5,11,0
0,27,7,5,3
0,20,3,8,2
0,25,4,9,4
0,20,3,9,2
0,19,3,7,3
0,23,4,9,4
0,19,2,7,2
0,19,2,7,2
0,19,3,7,2
0,22,5,11,2
0,21,2,12,2
0,24,4,6,0
0,18,5,8,3
0,19,5,7,1
0,19,3,8,2
0,19,3,7,2
0,27,3,8,7
0,10,3,4,0
0,10,7,4,0
0,21,5,9,4
0,23,5,9,2
0,21,5,9,4
0,20,7,11,2
0,22,7,11,2
0,22,4,7,2
0,22,5,5,1
0,22,5,5,0
0,9,2,3,0
0,9,2,3,0
0,9,2,3,0
0,9,4,3,2
0,9,3,3,0
0,9,3,3,0
0,9,4,3,3
0,9,3,3,0
0,9,1,3,0
0,9,1,3,0
0,9,1,3,4
0,9,1,3,1
0,9,1,3,0
0,9,1,3,0
0,9,1,3,0
0,9,1,3,0
0,9,1,3,1
0,7,4,8,2
0,7,4,7,1
0,7,5,5,1
0,7,4,6,2
0,7,5,7,0
0,7,2,7,18
0,7,3,7,3
0,7,5,9,0
0,7,3,7,3
0,7,3,7,3
0,7,6,6,1
0,25,3,7,13
0,25,3,7,2
0,25,2,7,2
0,25,2,7,2
0,25,4,7,2
0,3,6,10,1
0,3,3,6,0
0,3,3,8,6
0,3,139,3,29
0,3,5,9,3
0,3,6,7,1
0,3,7,7,1
0,3,3,11,2
0,24,2,8,2
0,20,2,10,2
0,20,4,12,2
0,20,6,9,2
0,21,3,7,2
0,20,3,8,2
0,25,2,8,6
0,19,3,7,4
0,19,3,7,4
0,19,2,7,11
0,19,2,7,2
0,19,3,7,4
0,19,3,7,5
0,18,3,8,4
0,20,3,7,3
0,19,2,7,9
0,20,4,8,2
0,22,2,8,4
0,18,2,5,1
0,26,6,8,11
0,19,3,9,7
0,23,6,7,0
0,19,3,6,15
0,22,3,8,5
0,20,4,6,0
0,23,3,8,15
0,20,3,6,0
0,23,3,7,15
0,21,4,6,0
0,19,3,6,0
0,22,2,7,4
0,20,2,8,3
0,19,3,7,2
0,20,2,7,3
0,18,1,10,0
0,18,2,7,0
0,23,3,6,2
0,24,1,8,1
0,22,1,7,3
0,21,1,7,1
0,24,1,7,3
0,25,2,9,1
0,21,1,8,0
0,19,2,7,1
0,25,1,8,2
0,23,3,7,2
0,21,1,10,3
0,22,1,7,0
0,22,2,8,3
0,20,1,8,6
0,18,1,8,3
0,20,1,7,0
0,18,1,9,5
0,24,1,10,3
0,20,1,7,0
0,21,2,9,0
0,23,3,8,0
0,23,1,7,1
0,24,1,6,0
0,19,11,5,5
0,21,12,8,1
0,22,6,7,4
0,21,7,8,6
0,26,4,9,1
0,18,3,9,13
0,22,16,6,2
0,22,2,8,2
0,21,4,8,2
0,19,3,7,3
0,19,3,7,2
0,19,2,7,4
0,20,4,6,0
0,19,3,8,6
0,19,3,8,10
0,19,2,7,3
0,19,3,8,9
0,20,1,10,0
0,19,1,9,1
0,22,3,7,2
0,22,4,10,4
0,19,5,7,5
0,24,4,9,2
0,20,5,8,3
0,22,2,10,2
0,19,2,7,2
0,20,2,7,3
0,19,2,7,2
0,19,2,7,2
0,19,2,9,1
0,27,1,7,0
0,25,3,9,3
0,39,8,11,8
0,24,2,7,0
0,21,2,9,4
0,23,2,9,4
0,18,2,7,3
0,21,6,7,1
0,28,0,5,0
0,21,1,5,1
0,22,4,8,2
0,25,5,8,0
0,20,4,7,2
0,19,5,8,1
0,21,5,7,7
0,19,3,8,0
0,22,3,7,2
0,21,4,9,0
0,19,4,6,39
0,19,4,8,0
0,23,3,7,0
0,22,4,6,0
0,24,5,6,0
0,28,5,5,1
0,22,5,6,25
0,26,4,5,0
0,25,5,8,1
0,27,4,5,2
0,23,4,6,0
0,24,5,7,0
0,29,4,7,2
0,28,5,7,1
0,23,4,6,0
0,28,6,6,3
0,20,5,6,0
0,30,14,6,1
0,31,4,8,3
0,25,4,10,1
0,24,4,8,1
0,26,5,6,0
0,24,4,6,0
0,22,5,5,1
0,26,4,6,0
0,23,5,6,0
0,21,5,5,1
0,24,5,6,0
0,19,4,8,6
0,19,3,7,2
0,18,4,8,3
0,20,4,8,0
0,21,4,8,1
0,18,5,7,2
0,21,4,7,4
0,25,7,7,0
0,22,4,9,3
0,24,6,6,40
0,26,6,8,1
0,21,5,7,1
0,22,6,7,8
0,21,5,7,1
0,18,4,6,0
0,22,4,8,1
0,20,4,7,0
0,20,4,9,0
0,21,4,9,1
0,19,4,8,0
0,20,4,7,0
0,23,4,9,4
0,24,4,10,10
0,18,5,7,0
0,24,6,6,3
0,26,6,6,3
0,26,6,6,3
0,25,4,10,6
0,22,4,10,6
0,23,4,7,1
0,20,4,9,5
0,22,4,7,4
0,26,8,9,11
0,21,6,6,2
0,21,7,7,1
0,20,5,6,0
0,21,7,6,2
0,21,5,6,2
0,18,6,5,0
0,23,3,7,6
0,24,3,7,1
0,21,3,8,0
0,18,3,5,0
0,21,4,6,4
0,19,3,9,1
0,21,3,7,0
0,21,4,6,1
0,20,3,8,0
0,20,4,7,1
0,20,4,6,7
0,22,4,7,2
0,19,3,5,1
0,20,3,8,1
0,23,6,6,1
0,18,4,7,1
0,18,3,5,0
0,23,6,6,0
0,23,6,6,0
0,18,3,5,3
0,18,3,5,2
0,24,3,8,3
0,22,4,8,1
0,24,3,7,3
0,19,3,8,0
0,22,4,7,0
0,26,6,6,3
0,19,4,8,0
0,20,3,7,0
0,20,3,8,2
0,21,3,8,0
0,23,6,6,1
0,20,3,8,0
0,20,4,7,0
0,22,4,7,6
0,21,4,7,2
0,21,7,6,2
0,22,5,6,0
0,23,3,9,0
0,25,3,9,1
0,18,3,8,1
0,19,4,6,5
0,21,4,6,1
0,21,4,6,0
0,22,3,7,1
0,19,3,8,0
0,21,4,6,0
0,26,4,9,0
0,20,3,8,0
0,19,3,8,2
0,24,3,8,4
0,21,4,6,0
0,21,4,6,1
0,19,4,7,0
0,35,8,9,1
0,42,8,9,1
0,37,8,9,1
0,35,8,9,0
0,29,5,8,3
0,26,6,8,0
0,29,5,8,0
0,35,4,9,1
0,30,4,9,0
0,22,4,6,1
0,22,4,6,1
0,24,4,8,0
0,23,4,7,0
0,29,5,7,6
0,21,4,5,1
0,27,4,7,0
0,24,7,6,0
0,19,4,6,2
0,21,4,6,1
0,20,3,9,0
0,20,4,7,10
0,21,4,6,1
0,22,3,8,1
0,23,6,7,0
0,22,4,6,1
0,21,4,6,0
0,24,4,9,0
0,23,3,8,0
0,17,4,6,9
0,19,6,5,0
0,20,5,7,0
0,21,3,9,0
0,22,7,6,0
0,34,6,7,2
0,23,4,7,0
0,19,4,6,2
0,19,3,7,1
0,21,4,7,2
0,19,3,8,6
0,22,6,6,2
0,21,4,6,0
0,18,3,6,1
0,20,3,7,1
0,22,4,8,4
0,21,4,8,1
0,24,3,7,1
0,20,3,7,0
0,20,3,8,2
0,25,6,6,3
0,20,3,9,2
0,20,3,7,0
0,20,3,7,2
0,24,4,5,3
0,21,3,8,1
0,27,5,5,1
0,20,3,8,1
0,22,3,6,0
0,26,4,8,1
0,25,4,8,4
0,25,4,9,1
0,19,3,7,0
0,20,6,6,0
0,23,4,7,1
0,19,9,5,1
0,23,4,7,0
0,26,4,10,3
0,25,3,10,15
0,27,6,8,1
0,25,3,10,15
0,20,3,8,13
0,23,3,7,0
0,29,3,9,7
0,22,4,8,1
0,23,4,10,0
0,24,3,8,2
0,20,4,7,1
0,22,3,8,0
0,27,3,9,7
0,23,3,8,3
0,20,3,5,1
0,18,4,7,1
0,21,3,7,5
0,22,4,9,1
0,22,3,7,3
0,19,4,7,0
0,18,4,7,2
0,21,3,7,2
0,19,4,8,0
0,19,4,8,0
0,20,3,7,0
0,20,5,9,4
0,19,7,8,0
0,20,3,7,1
0,21,3,5,2
0,23,3,8,5
0,23,6,6,1
0,28,4,9,4
0,19,7,8,0
0,29,4,7,4
0,22,3,9,0
0,33,4,7,4
0,18,4,5,0
0,18,4,7,3
0,33,4,9,4
0,23,4,8,4
0,25,4,7,4
0,21,4,7,3
0,19,3,9,1
0,18,4,7,0
0,23,4,8,0
0,18,3,5,2
0,24,3,7,3
0,23,3,8,0
0,19,3,9,3
0,21,3,7,0
0,23,6,6,1
0,20,6,5,0
0,24,3,8,1
0,21,3,8,0
0,19,3,8,0
0,23,6,6,6
0,23,6,6,0
0,23,3,8,1
0,23,3,8,0
0,20,3,9,0
0,23,6,6,0
0,20,3,6,0
0,23,3,8,0
0,23,3,8,0
0,25,3,8,1
0,24,4,8,1
0,24,3,9,2
0,25,3,8,2
0,22,3,6,0
0,20,3,7,1
0,22,3,7,4
0,21,3,8,0
0,22,3,8,0
0,22,3,7,0
0,25,4,9,4
0,23,3,8,0
0,22,3,7,0
0,20,4,10,0
0,28,9,7,1
0,21,5,7,1
0,20,4,5,1
0,20,5,7,0
0,24,4,8,0
0,25,3,8,2
0,26,3,8,0
0,25,5,6,3
0,21,4,6,0
0,28,3,8,1
0,22,3,7,0
0,21,3,7,0
0,24,6,6,0
0,24,6,6,2
0,21,4,6,7
0,21,3,7,0
0,27,4,8,1
0,18,3,5,0
0,24,6,6,1
0,22,3,7,0
0,21,8,5,0
0,24,5,6,7
0,19,3,9,2
0,27,4,8,1
0,18,6,8,3
0,18,4,8,0
0,19,3,9,0
0,20,4,7,8
0,23,6,7,0
0,22,3,7,0
0,23,3,8,0
0,20,4,8,4
0,21,5,7,10
0,19,4,7,2
0,23,3,7,0
0,23,4,8,0
0,20,4,7,0
0,19,3,7,0
0,19,3,7,4
0,19,4,7,0
0,23,4,9,0
0,25,4,8,0
0,19,4,7,0
0,17,3,6,36
0,19,4,5,0
0,19,4,9,0
0,23,4,7,1
0,22,7,6,0
0,21,3,7,0
0,23,4,8,1
0,21,3,8,1
0,21,6,7,0
0,19,4,5,1
0,21,3,5,1
0,26,6,7,4
0,21,3,6,1
0,20,5,6,2
0,24,3,8,0
0,18,3,5,0
0,29,4,8,2
0,24,3,7,3
0,22,3,8,0
0,23,3,8,2
0,22,5,6,6
0,23,3,8,3
0,26,5,7,1
0,24,3,7,3
0,25,3,6,2
0,25,6,7,7
0,18,6,6,0
0,31,7,6,3
0,25,4,8,4
0,18,3,5,1
0,23,3,6,0
0,19,5,8,0
0,21,4,5,1
0,19,4,4,0
0,26,7,6,0
0,20,3,7,0
0,25,3,7,2
0,21,3,5,1
0,17,0,6,1
0,26,3,8,1
0,22,3,8,0
0,23,4,7,0
0,19,4,7,0
0,19,5,8,0
0,19,3,7,0
0,22,7,7,1
0,19,4,9,8
0,18,3,5,1
0,18,3,5,0
0,19,5,7,0
0,24,3,5,1
0,21,4,7,2
0,23,5,8,0
0,23,7,6,0
0,22,3,7,1
0,18,3,5,2
0,22,3,7,1
0,21,3,7,0
0,23,3,8,2
0,24,4,7,5
0,20,3,8,3
0,19,5,7,0
0,19,3,8,0
0,19,3,8,1
0,24,3,9,1
0,23,4,9,0
0,24,3,9,1
0,28,3,8,1
0,22,3,7,2
0,22,3,8,0
0,36,10,8,3
0,35,9,7,3
0,20,5,8,12
0,20,6,8,1
0,21,4,7,1
0,20,3,6,0
0,18,3,5,0
0,18,4,7,0
0,18,4,7,0
0,21,3,5,0
0,19,4,7,1
0,22,4,6,6
0,20,5,6,1
0,20,6,6,1
0,22,3,8,0
0,20,7,7,0
0,21,3,8,3
0,21,3,6,4
0,22,3,7,2
0,19,4,5,0
0,22,3,9,2
0,22,4,7,2
0,22,3,7,0
0,21,4,5,1
0,20,3,8,0
0,23,7,7,2
0,20,3,7,2
0,21,4,6,4
0,24,4,7,0
0,21,3,5,0
0,21,3,6,2
0,21,3,8,6
0,29,5,9,0
0,19,3,6,106
0,25,7,6,0
0,25,3,8,2
0,25,4,8,0
0,18,4,7,1
0,19,3,7,0
0,19,3,8,0
0,21,3,8,101
0,18,4,8,2
0,18,4,8,4
0,20,3,7,2
0,19,3,7,4
0,23,4,7,1
0,20,3,8,0
0,21,3,8,2
0,24,3,10,0
0,23,7,6,3
0,25,7,7,2
0,26,4,8,4
0,20,3,8,0
0,22,3,9,4
0,22,3,10,2
0,21,4,9,4
0,20,3,7,0
0,21,3,8,2
0,20,3,8,0
0,20,7,8,2
0,18,4,8,0
0,18,3,8,0
0,25,3,7,2
0,19,3,7,2
0,19,4,7,1
0,23,3,7,4
0,22,7,6,0
0,26,9,8,2
0,20,3,7,0
0,26,10,8,2
0,21,4,8,1
0,20,3,6,0
0,24,5,8,8
0,22,3,8,1
0,22,4,7,2
0,26,4,7,14
0,22,13,6,2
0,18,3,5,3
0,21,3,5,0
0,20,5,7,0
0,20,5,7,12
0,19,3,7,2
0,23,3,7,25
0,21,3,7,1
0,21,3,7,1
0,21,3,5,0
0,21,3,6,2
0,20,3,8,0
0,24,7,6,0
0,24,3,7,1
0,23,4,8,2
0,20,3,8,0
0,20,3,8,0
0,21,3,8,0
0,20,3,8,0
0,20,3,7,1
0,23,3,8,0
0,25,4,7,1
0,19,3,6,8
0,26,3,9,10
0,23,3,9,1
0,22,3,8,4
0,19,3,6,2
0,19,3,7,0
0,19,4,7,1
0,18,4,7,0
0,20,3,7,3
0,19,6,7,0
0,27,4,9,17
0,21,4,9,7
0,26,4,8,18
0,26,4,8,1
0,24,3,8,0
0,24,4,9,1
0,25,4,8,0
0,20,3,7,0
0,23,4,8,0
0,18,4,7,0
0,23,3,8,1
0,24,4,8,0
0,23,4,7,0
0,26,4,7,0
0,22,3,8,2
0,20,4,7,0
0,20,3,8,0
0,24,3,8,2
0,22,3,5,1
0,21,3,8,2
0,18,6,6,0
0,20,5,7,15
0,23,3,7,0
0,22,5,7,3
0,22,3,8,0
0,21,3,5,4
0,23,3,7,0
0,26,3,8,3
0,21,3,5,1
0,19,3,6,1
0,21,3,7,0
0,19,6,8,1
0,25,5,7,5
0,19,6,6,2
0,18,3,5,0
0,21,3,7,2
0,24,6,7,3
0,20,9,8,2
0,19,3,5,3
0,20,3,7,0
0,22,3,6,1
0,25,3,7,0
0,18,3,7,0
0,23,5,7,1
0,23,5,7,1
0,24,4,5,0
0,20,3,7,0
0,22,3,8,1
0,21,4,7,0
0,23,3,8,18
0,23,4,8,1
0,22,3,7,1
0,20,3,8,4
0,20,7,7,7
0,21,3,6,9
0,22,3,7,11
0,23,7,6,4
0,24,4,7,1
0,20,3,7,1
0,24,7,6,0
0,20,3,6,2
0,23,3,6,3
0,20,4,7,1
0,22,4,7,0
0,24,5,6,11
0,23,4,8,5
0,23,3,7,2
0,24,4,9,7
0,21,3,8,1
0,21,3,7,1
0,20,4,7,0
0,21,3,8,3
0,19,5,6,1
0,24,3,8,2
0,23,3,6,2
0,21,3,6,3
0,22,3,9,1
0,24,3,7,1
0,27,3,10,2
0,24,3,9,0
0,21,3,5,2
0,21,3,8,1
0,22,3,8,0
0,21,3,8,3
0,23,3,9,4
0,22,3,6,7
0,18,4,7,1
0,20,4,8,2
0,18,4,8,0
0,19,4,8,1
0,18,4,8,0
0,22,5,8,2
0,22,4,6,2
0,22,4,10,0
0,20,4,10,0
0,22,4,7,0
0,23,3,6,3
0,25,3,8,3
0,22,9,7,1
0,23,4,7,2
0,22,3,7,1
0,25,4,7,2
0,21,4,8,1
0,19,4,8,5
0,22,3,9,1
0,19,6,7,0
0,21,7,6,4
0,23,8,6,2
0,20,3,7,1
0,21,3,8,1
0,21,7,6,0
0,25,7,7,3
0,21,3,8,2
0,21,5,8,0
0,24,4,7,0
0,23,3,8,0
0,25,3,8,0
0,26,7,7,1
0,20,4,10,0
0,20,3,7,2
0,21,4,9,0
0,19,5,7,3
0,24,5,6,0
0,24,7,7,0
0,19,4,7,2
0,22,3,9,0
0,27,6,8,0
0,26,4,8,0
0,28,7,9,0
0,27,7,8,0
0,20,7,6,0
0,24,7,6,1
0,26,7,6,0
0,28,15,7,0
0,29,16,8,0
0,23,8,6,1
0,19,7,6,3
0,24,7,8,3
0,21,3,8,1
0,21,4,8,0
0,18,5,7,0
0,25,3,6,2
0,19,4,6,0
0,19,5,5,4
0,18,4,8,5
0,23,6,10,0
0,22,4,8,6
0,19,3,6,2
0,23,4,8,0
0,21,3,6,0
0,19,6,9,1
0,26,4,8,10
0,19,5,8,1
0,22,5,8,1
0,25,5,6,1
0,25,5,8,1
0,20,3,8,0
0,21,3,6,0
0,25,3,8,0
0,22,3,8,0
0,23,3,8,0
0,21,3,8,0
0,22,3,7,8
0,22,3,7,5
0,21,3,7,1
0,20,4,9,0
0,20,4,6,0
0,19,6,7,0
0,23,6,11,0
0,24,3,8,6
0,27,3,9,6
0,24,3,7,5
0,17,3,6,1
0,19,5,6,8
0,21,4,5,1
0,20,4,9,2
0,21,4,7,2
0,22,4,7,2
0,23,4,8,3
0,20,4,7,0
0,18,5,5,1
0,21,6,5,2
0,22,4,7,3
0,18,5,5,1
0,18,5,7,0
0,20,4,6,0
0,20,4,7,0
0,21,6,7,1
0,18,4,5,0
0,18,4,5,0
0,23,6,6,0
0,19,4,7,0
0,19,3,8,1
0,22,4,6,1
0,21,3,8,1
0,21,4,6,3
0,21,6,10,2
0,21,7,7,4
0,19,5,6,1
0,20,6,8,3
0,22,5,6,5
0,20,5,7,2
0,22,5,7,1
0,22,6,8,3
0,17,0,5,1
0,19,3,6,15
0,22,3,8,5
0,20,4,6,0
0,23,3,8,15
0,20,3,6,0
0,23,3,7,15
0,21,4,6,0
0,19,3,6,0
0,22,16,6,2
0,21,3,5,0
0,18,4,9,4
0,23,3,7,16
0,20,7,9,41
0,21,4,7,22
0,39,8,9,0
0,44,8,9,1
0,25,4,8,1
0,34,8,9,4
0,30,5,8,1
0,36,8,9,2
0,29,4,8,5
0,28,4,8,1
0,34,8,9,1
0,31,5,8,1
0,32,4,9,2
0,37,5,8,2
0,41,5,11,2
0,35,4,9,0
0,33,4,9,4
0,36,4,9,0
0,35,4,9,1
0,41,8,9,1
0,37,4,9,1
0,46,8,10,1
0,34,8,9,3
0,42,5,8,0
0,45,8,9,1
0,33,7,8,2
0,37,8,9,4
0,32,5,8,5
0,31,4,8,2
0,30,7,9,0
0,34,6,8,2
0,34,6,8,2
0,34,6,8,2
0,35,6,8,6
0,27,4,9,1
0,31,4,10,0
0,28,6,7,0
0,30,6,8,0
0,30,6,7,0
0,31,6,8,0
0,31,4,10,0
0,29,4,8,2
0,30,6,7,1
0,31,6,7,3
0,30,4,10,3
0,31,5,8,0
0,27,4,9,0
0,31,5,8,0
0,30,4,9,1
0,34,7,9,1
0,32,6,8,2
0,29,5,7,2
0,35,7,9,3
0,30,4,9,0
0,30,6,8,0
0,29,4,8,0
0,34,6,8,3
0,30,4,9,0
0,34,6,7,0
0,34,7,9,1
0,30,5,8,2
0,28,7,8,1
0,30,4,11,1
0,30,5,8,1
0,28,6,8,3
0,35,5,8,0
0,27,4,8,0
0,31,5,8,1
0,32,4,9,3
0,29,4,7,1
0,28,4,7,0
0,29,5,8,1
0,32,4,9,5
0,31,4,9,0
0,29,4,7,1
0,30,5,8,0
0,31,5,8,0
0,29,5,8,1
0,32,4,9,2
0,31,4,11,0
0,30,6,7,1
0,27,4,8,2
0,28,4,7,1
0,31,4,10,1
0,29,5,8,0
0,31,4,9,1
0,27,4,7,1
0,29,4,8,4
0,27,4,7,0
0,32,8,9,0
0,25,4,8,0
0,36,6,8,5
0,21,4,7,0
0,23,4,7,0
0,28,6,6,2
0,2,2,6,2
0,2,2,5,1
0,2,2,6,1
0,2,2,5,1
0,2,2,6,1
0,2,2,5,1
0,2,2,7,3
0,2,2,6,1
0,2,2,7,3
0,2,2,5,0
0,2,2,6,3
0,2,2,5,3
0,34,4,6,2
0,23,4,5,0
0,19,4,6,0
0,22,5,8,4
0,20,4,6,0
0,20,6,6,0
0,24,9,7,0
0,20,5,8,1
0,23,4,6,1
0,28,4,7,2
0,20,9,8,0
0,21,4,6,0
0,22,4,6,0
0,22,4,8,3
0,25,4,9,1
0,24,5,7,2
0,28,5,9,3
0,23,4,5,2
0,24,7,7,1
0,21,6,5,2
0,28,7,7,2
0,23,7,5,1
0,31,9,7,2
0,20,4,8,2
0,29,4,5,2
0,34,5,8,2
0,27,6,6,2
0,25,22,7,2
0,25,5,7,3
0,24,37,5,2
0,23,4,5,1
0,27,5,7,1
0,24,4,7,0
0,30,5,7,0
0,32,7,7,0
0,26,5,5,0
0,26,5,6,0
0,32,5,7,3
0,27,4,7,0
0,21,4,5,0
0,27,4,7,0
0,25,4,7,0
0,21,4,6,0
0,28,4,7,4
0,29,4,7,4
0,24,4,6,4
0,23,4,7,0
0,27,5,7,0
0,22,4,5,0
0,21,5,5,2
0,27,4,7,1
0,28,4,7,0
0,24,4,5,0
0,27,4,7,2
0,27,4,7,0
0,29,4,7,0
0,25,5,8,1
0,24,5,7,1
0,19,4,5,0
0,24,4,6,0
0,23,4,6,1
0,22,4,5,1
0,24,5,7,0
0,19,8,5,2
0,22,4,6,0
0,21,4,6,3
0,22,5,5,4
0,21,5,8,0
0,20,5,6,0
0,21,5,8,0
0,21,6,5,1
0,24,4,7,0
0,22,5,5,0
0,24,6,8,0
0,24,5,6,0
0,33,6,8,1
0,33,6,8,4
0,33,5,8,0
0,31,5,8,0
0,32,4,9,5
0,35,8,9,0
0,27,6,8,1
0,37,8,9,1
0,35,8,9,0
0,3,9,9,5
0,3,8,9,2
0,3,5,10,1
0,29,4,8,2
0,25,5,8,0
0,35,8,9,0
0,28,5,8,2
0,27,4,9,0
0,29,5,8,0
0,32,4,8,2
0,32,5,8,0
0,29,5,8,0
0,28,5,8,0
0,33,5,8,0
0,30,4,9,0
0,25,5,8,1
0,25,5,8,4
0,34,8,9,4
0,34,8,9,3
0,27,4,10,1
0,29,5,8,3
0,30,5,8,1
0,29,5,8,2
0,29,4,9,0
0,30,5,8,0
0,27,4,7,1
0,29,4,7,1
0,33,4,9,2
0,29,4,9,2
0,35,8,9,0
0,32,4,9,2
0,39,8,9,2
0,27,4,8,1
0,35,8,9,1
0,26,4,8,0
0,29,4,8,1
0,29,5,8,1
0,26,4,9,3
0,29,4,8,0
0,35,8,9,0
0,28,4,8,0
0,3,8,9,0
0,3,4,9,0
0,29,4,8,0
0,34,6,8,2
0,26,4,9,1
0,30,5,8,1
0,31,4,7,3
0,28,5,8,1
0,35,6,11,3
0,29,5,8,1
0,29,5,9,2
0,32,6,11,1
0,33,4,11,0
0,30,4,9,1
0,32,4,11,1
0,35,7,8,1
0,26,5,6,1
0,24,4,5,0
0,25,4,5,1
0,28,5,10,1
0,22,5,6,0
0,21,7,7,5
0,21,4,7,4
0,22,7,7,3
0,24,6,8,1
0,22,4,8,1
0,22,6,7,3
0,21,6,8,0
0,24,4,7,3
0,27,4,7,1
0,23,9,6,6
0,21,4,7,0
0,22,5,5,1
0,21,4,5,2
0,25,4,7,1
0,25,4,6,2
0,22,4,5,4
0,27,4,7,1
0,24,4,5,2
0,20,5,8,0
0,22,6,7,2
0,27,4,9,0
0,22,4,6,1
0,24,4,7,0
0,22,5,5,2
0,23,5,5,2
0,21,5,8,7
0,23,6,7,9
0,21,4,6,1
0,25,5,8,5
0,21,5,5,5
0,22,4,6,0
0,23,5,6,1
0,22,6,7,1
0,25,4,6,3
0,26,6,7,6
0,21,4,5,2
0,24,4,5,0
0,21,5,8,0
0,23,5,5,0
0,22,5,5,0
0,22,4,7,1
0,22,6,5,0
0,21,4,6,1
0,24,4,7,1
0,22,5,6,1
0,21,4,7,0
0,23,6,6,1
0,20,4,6,0
0,27,4,9,0
0,24,5,7,2
0,21,5,5,0
0,25,5,6,1
0,26,4,7,0
0,26,4,7,0
0,24,5,7,1
0,24,5,7,1
0,24,5,5,1
0,22,6,7,1
0,20,5,6,5
0,36,24,6,2
0,21,6,5,3
0,21,5,8,1
0,22,4,7,0
0,21,4,8,1
0,22,4,6,0
0,23,5,6,3
0,21,5,5,2
0,26,4,5,2
0,21,5,5,1
0,22,4,6,0
0,24,4,6,0
0,21,4,8,0
0,21,5,7,1
0,21,4,7,1
0,21,5,5,1
0,20,4,7,1
0,24,4,6,1
0,24,5,7,2
0,23,4,7,2
0,25,5,6,1
0,21,6,7,3
0,25,4,6,0
0,25,5,5,0
0,28,6,7,1
0,27,5,5,1
0,27,4,6,0
0,27,5,5,2
0,30,6,7,2
0,30,5,6,1
0,29,5,5,1
0,29,4,6,0
0,20,4,6,0
0,21,5,5,1
0,22,6,5,0
0,23,4,7,1
0,24,4,7,1
0,24,5,5,0
0,22,4,5,5
0,33,6,7,0
0,35,7,7,0
0,28,5,6,0
0,21,4,7,0
0,24,5,7,0
0,25,4,6,0
0,25,4,5,0
0,22,9,8,1
0,35,16,10,1
0,20,6,8,3
0,24,4,6,0
0,22,4,7,2
0,22,5,5,1
0,22,5,5,0
0,24,4,8,2
0,25,4,7,1
0,19,11,5,5
0,21,12,8,1
0,20,4,6,0
0,22,4,7,1
0,21,5,5,1
0,34,14,6,2
0,22,5,5,0
0,21,5,5,0
0,20,7,7,0
0,21,5,5,1
0,11,2,2,5
0,22,7,5,1
0,14,0,5,0
0,18,5,7,2
0,23,5,7,2
0,21,6,8,3
0,22,5,6,2
0,22,7,7,3
0,20,5,10,1
0,20,5,7,2
0,20,5,7,3
0,22,5,7,4
0,22,5,8,4
0,26,10,6,1
0,20,6,8,5
0,21,7,6,5
0,20,6,8,3
0,24,7,11,1
0,22,5,9,2
0,22,6,7,3
0,26,6,6,3
0,24,5,6,1
0,18,5,6,1
0,20,5,6,1
0,21,5,7,1
0,26,5,6,2
0,23,0,4,0
0,14,0,3,0
0,15,0,4,0
0,16,2,5,1
0,15,4,6,1
0,21,3,7,1
0,19,0,4,1
0,22,7,7,3
0,20,6,7,2
0,24,7,7,5
0,27,6,5,3
0,22,7,7,4
0,20,6,6,1
0,20,5,6,1
0,20,5,14,1
0,24,7,11,5
0,11,0,5,0
0,20,7,7,3
0,19,5,6,3
0,20,8,8,5
0,21,7,8,3
0,18,7,8,2
0,21,5,6,2
0,19,6,8,2
0,21,7,8,2
0,21,7,5,2
0,21,5,7,4
0,22,8,8,1
0,20,5,7,1
0,24,5,7,2
0,19,5,7,2
0,20,5,14,1
0,21,6,5,10
0,20,5,5,3
0,22,5,7,3
0,19,5,6,1
0,20,5,14,1
0,22,7,6,4
0,22,5,7,5
0,20,5,22,1
0,24,5,7,1
0,23,5,5,10
0,21,5,7,7
0,21,7,7,17
0,20,5,8,2
0,24,7,6,12
0,23,9,8,17
0,22,5,7,1
0,22,5,7,2
0,23,5,10,1
0,26,6,6,3
0,21,5,5,7
0,19,6,8,2
0,20,6,8,1
0,23,5,10,1
0,20,5,10,1
0,22,7,9,3
0,27,5,9,1
0,21,6,8,5
0,29,5,8,1
0,25,5,7,3
0,13,0,3,0
0,11,0,6,0
0,15,0,6,2
0,23,5,7,2
0,14,2,3,0
0,22,7,5,1
0,22,8,6,2
0,21,8,7,2
0,21,5,9,1
0,25,6,7,1
0,23,7,6,4
0,24,9,7,1
0,24,11,6,2
0,23,7,5,1
0,21,2,5,7
0,17,1,5,4
0,18,3,4,1
0,19,2,6,3
0,20,0,5,7
0,22,0,6,6
0,20,1,6,4
0,20,1,4,4
0,20,2,6,2
0,3,1,0,0
0,6,0,0,3
0,5,0,0,0
0,4,0,1,8
0,6,0,2,6
0,4,0,0,4
0,6,0,0,4
0,5,0,1,1
0,5,0,0,1
0,14,2,3,0
0,14,2,3,0
0,18,6,6,1
0,23,5,7,1
0,20,5,6,1
0,21,6,6,1
0,20,6,6,1
0,15,1,5,0
0,12,1,1,5
0,22,6,19,3
0,23,6,9,1
0,20,5,14,1
0,36,6,10,2
0,22,7,9,3
0,21,7,6,2
0,21,6,8,5
0,21,6,8,10
0,21,6,8,3
0,19,7,8,3
0,20,5,8,1
0,20,6,9,1
0,22,5,10,1
0,23,7,6,1
0,23,6,6,3
0,23,7,6,2
0,21,6,6,1
0,24,8,7,3
0,21,5,8,1
0,21,5,8,1
0,24,8,7,3
0,20,6,6,1
0,22,4,7,0
0,15,2,5,3
0,31,6,8,4
0,21,5,8,3
0,22,5,7,2
0,25,7,9,0
0,25,5,8,2
0,21,4,8,0
0,24,4,7,5
0,27,5,8,6
0,21,6,8,2
0,22,5,8,3
0,29,9,7,4
0,19,8,11,7
0,24,7,6,8
0,23,5,9,9
0,25,5,6,3
0,22,5,7,1
0,23,7,6,1
0,22,7,6,2
0,23,5,7,2
0,24,7,7,3
0,18,5,5,1
0,25,5,6,4
0,20,5,7,1
0,24,5,6,5
0,21,5,7,1
0,20,5,6,5
0,18,5,6,1
0,22,6,8,0
0,18,0,3,1
0,18,0,4,1
0,15,0,5,3
0,13,0,3,1
0,11,1,1,2
0,11,1,2,3
0,19,5,9,1
0,22,5,7,3
0,16,1,6,2
0,12,0,6,1
0,12,1,1,3
0,21,6,6,1
0,21,6,6,1
0,20,6,6,2
0,20,6,6,3
0,20,6,6,2
0,22,7,9,4
0,22,7,5,7
0,25,8,8,4
0,14,0,3,1
0,22,5,6,3
0,19,1,5,1
0,23,3,7,1
0,21,8,8,6
0,15,2,4,2
0,14,0,3,0
0,16,0,5,4
0,20,5,14,2
0,20,5,14,1
0,20,5,22,3
0,20,5,6,1
0,20,5,6,1
0,20,5,6,3
0,21,6,8,3
0,24,5,5,2
0,21,6,6,3
0,21,6,6,1
0,21,6,6,5
0,20,6,6,2
0,21,6,6,1
0,21,6,6,1
0,21,6,6,1
0,21,7,6,1
0,20,6,6,2
0,21,6,6,5
0,20,6,6,3
0,21,6,6,3
0,17,1,6,2
0,11,1,1,2
0,19,6,6,3
0,21,6,8,6
0,19,5,8,2
0,19,6,8,1
0,19,5,6,2
0,21,5,6,2
0,13,0,5,3
0,22,5,7,13
0,24,6,6,1
0,18,2,5,1
0,22,6,7,4
0,21,7,8,6
0,21,6,7,1
0,41,8,10,3
0,20,6,7,1
0,22,6,8,3
0,21,0,3,6
0,12,1,1,7
0,27,6,8,1
0,21,7,7,1
0,19,5,6,1
0,19,5,6,1
0,22,5,6,6
0,26,7,8,7
0,21,6,7,3
0,34,22,12,1
0,19,5,10,2
0,20,5,7,2
0,23,7,9,3
0,24,5,5,5
0,34,9,8,6
0,22,5,8,1
0,25,7,8,4
0,28,5,8,1
0,28,5,8,1
0,26,5,8,4
0,22,5,9,3
0,23,7,7,1
0,24,9,9,4
0,25,7,9,3
0,26,5,12,2
0,23,7,10,3
0,24,5,12,5
0,24,7,7,3
0,22,5,6,2
0,22,7,9,3
0,25,5,9,1
0,19,5,7,2
0,30,8,6,3
0,23,5,9,2
0,23,5,8,2
0,21,7,8,3
0,21,7,9,4
0,18,5,5,1
0,20,6,8,1
0,21,5,7,2
0,23,6,7,1
0,26,5,15,3
0,21,5,10,6
0,24,6,7,1
0,23,5,6,1
0,27,9,5,2
0,11,1,1,5
0,24,5,7,10
0,20,5,9,1
0,21,5,9,3
0,21,8,8,2
0,24,5,6,1
0,26,7,8,2
0,20,5,8,7
0,21,6,8,4
0,20,5,5,1
0,21,5,7,3
0,22,5,8,2
0,18,5,6,2
0,18,5,6,1
0,20,5,6,2
0,24,7,5,6
0,25,7,5,1
0,23,5,5,1
0,20,5,8,2
0,24,7,5,7
0,31,5,5,9
0,20,5,9,2
0,22,5,6,1
0,27,7,6,3
0,19,5,7,1
0,20,5,8,5
0,22,6,8,5
0,22,5,8,3
0,20,5,8,3
0,17,1,6,2
0,25,0,6,4
0,21,1,5,5
0,22,3,5,1
0,19,0,7,5
0,23,1,5,2
0,24,0,5,6
0,19,1,7,6
0,21,4,5,5
0,22,0,7,4
0,21,1,6,6
0,22,1,5,4
0,18,0,5,5
0,22,0,5,4
0,23,0,4,6
0,21,0,4,1
0,17,1,5,12
0,19,3,4,1
0,21,1,5,1
0,9,1,1,4
0,7,1,1,1
0,8,1,0,2
0,6,0,2,4
0,7,1,3,0
0,7,0,2,0
0,3,1,0,2
0,8,0,3,0
0,5,1,0,6
0,4,0,1,6
0,5,1,0,7
0,6,0,0,6
0,5,0,1,0
0,6,1,0,6
0,6,1,0,4
0,6,1,2,0
0,6,0,1,3
0,7,0,2,1
0,6,0,0,1
0,7,0,1,7
0,4,0,1,17
0,6,1,0,1
0,5,0,1,0
0,4,0,1,6
0,4,0,0,2
0,5,0,1,0
0,8,1,1,5
0,4,0,1,3
0,4,0,0,4
0,5,1,0,0
0,7,1,1,2
0,6,0,1,3
0,7,0,2,4
0,4,0,0,2
0,5,1,0,2
0,4,0,0,3
0,4,0,1,3
0,8,1,0,3
0,6,0,0,2
0,4,0,0,2
0,6,0,0,4
0,7,0,2,2
0,5,0,1,3
0,4,1,0,0
0,7,0,2,9
0,4,0,0,3
0,4,0,1,0
0,4,0,1,1
0,4,0,1,5
0,5,0,0,2
0,7,0,0,4
0,5,0,1,5
0,5,0,0,1
0,3,1,0,0
0,3,0,1,0
0,4,0,1,1
0,5,0,1,0
0,3,0,1,0
0,3,0,1,0
0,6,0,0,2
0,6,1,0,3
0,4,0,1,0
0,6,0,2,0
0,4,0,1,0
0,6,0,2,0
0,7,0,4,0
0,6,0,2,0
0,8,0,0,2
0,8,1,0,2
0,7,0,2,2
0,4,0,1,2
0,4,1,0,0
0,6,0,2,0
0,5,2,0,2
0,3,0,1,1
0,4,0,1,0
0,5,1,2,3
0,4,0,0,2
0,9,2,0,4
0,5,1,0,2
0,4,0,0,8
0,4,0,0,2
0,6,0,2,3
0,3,0,0,1
0,4,0,0,3
0,4,0,0,2
0,4,0,0,1
0,4,0,0,2
0,4,0,0,2
0,4,0,0,0
0,4,1,0,0
0,4,0,0,2
0,6,0,0,3
0,4,0,0,1
0,4,0,0,3
0,7,1,1,3
0,5,1,0,3
0,4,0,0,5
0,7,0,2,0
0,8,1,3,1
0,4,0,1,0
0,3,0,1,6
0,7,0,2,0
0,4,0,1,9
0,9,0,3,1
0,10,0,2,8
0,7,2,1,4
0,7,1,2,1
0,5,1,0,9
0,4,0,0,1
0,4,0,0,1
0,3,0,1,0
0,4,0,1,1
0,3,0,0,1
0,4,0,0,3
0,17,4,5,3
0,7,0,0,2
0,6,0,0,1
0,7,1,0,3
0,4,0,0,8
0,5,0,0,3
0,4,0,0,1
0,4,0,0,3
0,6,0,1,0
0,4,0,1,0
0,3,0,0,0
0,10,3,4,0
0,11,14,4,0
0,24,0,4,0
0,26,0,4,7
0,10,7,4,1
0,10,3,4,0
0,23,1,4,4
0,10,2,4,0
0,11,4,4,0
0,10,2,4,0
0,11,9,4,0
0,10,2,4,0
0,12,4,4,3
0,10,9,4,0
0,10,3,4,0
0,10,4,4,0
0,11,15,4,0
0,11,2,5,0
0,12,5,5,0
0,23,1,4,1
0,10,2,4,0
0,10,4,4,0
0,10,2,4,0
0,10,7,4,4
0,10,2,4,0
0,10,4,4,1
0,10,2,4,0
0,11,4,4,0
0,10,4,4,0
0,13,11,4,0
0,24,2,4,0
0,10,2,4,0
0,11,4,4,1
0,24,1,4,1
0,23,0,4,2
0,10,2,4,0
0,10,5,4,0
0,10,2,4,0
0,11,6,4,0
0,10,2,4,0
0,10,6,4,0
0,10,3,4,0
0,12,8,4,4
0,10,2,4,0
0,11,4,4,0
0,10,2,4,0
0,10,4,4,0
0,10,6,4,0
0,10,2,4,0
0,23,0,4,5
0,10,3,4,0
0,12,7,4,1
0,24,2,4,0
0,23,0,4,2
0,25,0,4,0
0,10,5,4,1
0,10,2,4,0
0,11,4,4,0
0,23,0,4,0
0,10,3,4,0
0,10,7,4,0
0,28,0,5,0
0,26,0,4,0
0,10,3,4,0
0,10,8,4,6
0,11,4,4,0
0,9,3,3,2
0,9,6,3,0
0,10,2,3,5
0,9,2,3,0
0,9,9,3,0
0,9,2,3,0
0,9,2,3,0
0,9,4,3,3
0,9,2,3,0
0,9,3,3,2
0,10,3,3,1
0,9,4,3,0
0,9,4,3,0
0,9,3,3,1
0,9,2,3,0
0,9,3,3,1
0,9,2,3,0
0,9,2,3,2
0,9,2,3,0
0,9,2,3,0
0,9,3,3,2
0,9,2,3,0
0,9,3,3,0
0,9,2,3,0
0,9,2,3,0
0,9,2,3,1
0,9,2,3,0
0,9,5,3,0
0,9,2,3,0
0,9,2,3,0
0,9,4,3,0
0,9,17,3,0
0,10,2,3,2
0,9,4,3,0
0,9,3,3,1
0,9,3,3,0
0,9,2,3,0
0,9,12,3,2
0,9,2,3,1
0,9,4,3,0
0,9,2,3,0
0,9,2,3,0
0,9,9,3,1
0,9,4,3,2
0,9,2,3,0
0,9,2,3,0
0,9,2,3,0
0,9,2,3,0
0,9,2,3,1
0,9,2,3,0
0,9,4,3,0
0,9,2,3,0
0,9,2,3,0
0,9,2,3,1
0,9,2,3,0
0,9,2,3,0
0,9,2,3,0
0,9,2,3,1
0,9,2,3,0
0,9,4,3,2
0,9,2,3,0
0,9,4,3,0
0,9,3,3,0
0,9,3,3,0
0,11,2,3,0
0,11,4,3,3
0,9,4,3,2
0,9,3,3,0
0,9,3,3,1
0,9,4,3,0
0,9,4,3,0
0,9,4,3,0
0,9,4,3,0
0,9,4,3,1
0,9,6,3,0
0,9,1,3,3
0,9,3,3,0
0,9,2,3,0
0,9,2,3,0
0,9,3,3,0
0,9,2,3,0
0,9,2,3,2
0,9,3,3,3
0,9,2,3,0
0,9,3,3,0
0,9,5,3,4
0,9,4,3,1
0,9,5,3,2
0,9,4,3,0
0,9,2,3,0
0,9,2,3,0
0,9,3,3,1
0,9,3,3,0
0,9,2,3,1
0,9,2,3,0
0,9,2,3,1
0,9,2,3,0
0,9,2,3,2
0,9,8,3,0
0,9,2,3,0
0,9,2,3,0
0,9,2,3,0
0,9,2,3,0
0,9,3,3,0
0,10,3,3,5
0,10,1,3,7
0,9,5,3,0
0,10,1,3,0
0,10,3,3,4
0,9,3,3,0
0,9,2,3,10
0,9,3,3,2
0,10,4,3,2
0,9,2,3,1
0,9,3,3,2
0,10,2,3,1
0,9,1,3,0
0,9,1,3,0
0,9,2,3,0
0,9,5,3,6
0,9,2,3,0
0,10,1,3,3
0,9,2,3,0
0,9,1,3,0
0,9,1,3,0
0,9,1,3,1
0,9,1,3,0
0,9,1,3,1
0,9,2,3,1
0,9,5,3,3
0,9,2,3,0
0,9,2,3,1
0,9,2,3,0
0,9,2,3,0
0,9,2,3,0
0,9,2,3,0
0,9,2,3,0
0,9,1,3,0
0,9,2,3,0
0,9,1,3,0
0,9,1,3,1
0,9,1,3,0
0,9,1,3,0
0,9,1,3,0
0,9,1,3,0
0,9,1,3,0
0,9,1,3,0
0,9,1,3,0
0,9,1,3,0
0,9,1,3,1
0,9,1,3,0
0,9,1,3,0
0,9,1,3,1
0,9,1,3,0
0,9,1,3,0
0,9,1,3,0
0,9,1,3,0
0,9,1,3,1
0,9,1,3,1
0,9,1,3,2
0,9,1,3,0
0,9,1,3,2
0,9,1,3,0
0,9,1,3,0
0,9,1,3,0
0,9,1,3,0
0,10,5,3,6
0,9,1,3,2
0,9,1,3,0
0,9,1,3,4
0,9,1,3,0
0,9,2,3,0
0,9,1,3,0
0,9,1,3,0
0,9,1,3,0
0,9,1,3,0
0,9,2,3,0
0,9,1,3,0
0,9,1,3,0
0,9,1,3,0
0,9,1,3,0
0,9,1,3,0
0,9,2,3,0
0,9,1,3,0
0,9,1,3,2
0,9,1,3,2
0,9,2,3,0
0,9,1,3,0
0,9,2,3,0
0,9,1,3,0
0,9,5,3,3
0,9,4,3,0
0,9,1,3,0
0,9,1,3,0
0,9,2,3,0
0,9,1,3,0
0,9,2,3,0
0,9,1,3,0
0,9,2,3,0
0,9,2,3,0
0,9,1,3,0
0,9,1,3,0
0,9,1,3,0
0,9,1,3,0
0,9,1,3,1
0,9,1,3,0
0,9,1,3,0
0,9,2,3,0
0,9,1,3,0
0,9,1,3,1
0,9,1,3,1
0,9,1,3,0
0,9,2,3,0
0,9,1,3,0
0,9,1,3,1
0,9,1,3,0
0,9,1,3,0
0,9,1,3,0
0,9,1,3,0
0,9,1,3,0
0,9,1,3,0
0,9,1,3,1
0,9,1,3,0
0,9,1,3,0
0,9,2,3,0
0,9,1,3,1
0,9,1,3,0
0,9,1,3,0
0,9,1,3,1
0,9,1,3,1
0,9,1,3,0
0,9,1,3,1
0,9,1,3,0
0,9,2,3,0
0,9,5,3,1
0,9,3,3,3
0,9,4,3,2
0,9,4,3,0
0,9,1,3,0
0,9,1,3,0
0,9,1,3,0
0,9,1,3,1
0,9,1,3,0
0,9,7,3,0
0,9,1,3,0
0,9,1,3,0
0,9,1,3,1
0,9,1,3,0
0,9,1,3,1
0,9,1,3,1
0,9,1,3,0
0,9,1,3,0
0,9,1,3,1
0,9,1,3,1
0,9,1,3,1
0,9,1,3,0
0,9,1,3,1
0,9,1,3,1
0,9,1,3,0
0,9,1,3,0
0,9,2,3,0
0,9,2,3,0
0,9,2,3,0
0,9,3,3,2
0,9,2,3,0
0,9,4,3,2
0,9,2,3,0
0,9,2,3,0
0,9,3,3,0
0,9,2,3,0
0,9,1,3,0
0,9,1,3,0
0,9,2,3,0
0,9,1,3,0
0,9,1,3,0
0,9,1,3,0
0,9,1,3,1
0,9,2,3,1
0,9,1,3,1
0,9,1,3,0
0,9,1,3,0
0,9,2,3,0
0,9,2,3,0
0,9,2,3,0
0,9,1,3,0
0,9,1,3,0
0,9,2,3,0
0,9,2,3,0
0,9,1,3,0
0,9,1,3,0
0,9,2,3,0
0,9,2,3,1
0,9,1,3,1
0,9,5,3,1
0,9,1,3,0
0,9,1,3,0
0,9,2,3,0
0,9,1,3,0
0,9,1,3,0
0,9,1,3,0
0,9,1,3,0
0,9,1,3,0
0,9,1,3,0
0,9,1,3,1
0,9,2,3,0
0,9,2,3,0
0,9,1,3,0
0,9,2,3,0
0,9,1,3,0
0,9,1,3,1
0,9,1,3,1
0,9,1,3,1
0,9,1,3,0
0,9,1,3,0
0,9,1,3,0
0,9,1,3,1
0,9,1,3,0
0,9,3,3,1
0,9,1,3,0
0,9,1,3,2
0,9,1,3,0
0,9,1,3,0
0,9,1,3,0
0,9,1,3,0
0,9,1,3,3
0,9,1,3,0
0,9,2,3,0
0,9,1,3,0
0,9,1,3,0
0,9,1,3,1
0,9,2,3,0
0,9,1,3,0
0,9,2,3,0
0,9,1,3,0
0,9,1,3,0
0,9,1,3,0
0,9,1,3,1
0,9,1,3,0
0,9,1,3,0
0,9,1,3,0
0,9,1,3,0
0,9,1,3,0
0,9,2,3,0
0,9,1,3,1
0,9,1,3,0
0,9,2,3,0
0,9,8,3,0
0,9,4,3,0
0,9,3,3,3
0,9,1,3,2
0,9,1,3,0
0,9,3,3,0
0,9,1,3,0
0,9,1,3,2
0,9,1,3,0
0,9,1,3,0
0,9,1,3,2
0,9,1,3,0
0,9,4,3,0
0,9,1,3,0
0,9,3,3,0
0,9,1,3,0
0,9,4,3,3
0,9,1,3,0
0,9,1,3,0
0,10,4,3,1
0,9,2,3,0
0,9,1,3,1
0,10,4,3,0
0,9,3,3,1
0,9,1,3,0
0,9,4,3,0
0,9,3,3,3
0,9,3,3,0
0,9,23,3,3
0,9,2,3,0
0,9,3,3,8
0,9,1,3,1
0,9,3,3,0
0,9,1,3,0
0,9,4,3,0
0,9,1,3,1
0,9,1,3,1
0,9,1,3,0
0,9,4,3,0
0,9,3,3,0
0,9,2,3,0
0,9,2,3,0
0,9,5,3,0
0,9,6,3,2
0,9,3,3,0
0,9,1,3,1
0,9,1,3,0
0,9,1,3,0
0,9,1,3,0
0,9,1,3,0
0,9,3,3,0
0,9,1,3,0
0,9,1,3,0
0,9,2,3,0
0,9,1,3,1
0,9,1,3,0
0,9,1,3,0
0,9,1,3,0
0,9,1,3,0
0,9,1,3,0
0,9,2,3,0
0,9,1,3,0
0,9,3,3,1
0,9,1,3,1
0,9,4,3,1
0,9,1,3,0
0,9,4,3,1
0,9,1,3,0
0,9,2,3,0
0,9,1,3,0
0,9,1,3,0
0,9,1,3,0
0,10,2,3,1
0,9,23,3,2
0,9,10,3,1
0,9,8,3,0
0,9,6,3,1
0,9,4,3,0
0,9,1,3,0
0,9,3,3,0
0,9,3,3,3
0,9,1,3,0
0,9,4,3,2
0,9,1,3,1
0,9,1,3,0
0,9,1,3,0
0,9,1,3,0
0,9,1,3,1
0,9,4,3,0
0,9,1,3,2
0,9,1,3,0
0,9,1,3,2
0,9,1,3,1
0,9,1,3,0
0,9,1,3,1
0,9,1,3,0
0,9,1,3,0
0,9,4,3,0
0,9,4,3,2
0,9,1,3,0
0,9,1,3,0
0,9,4,3,0
0,9,1,3,3
0,9,1,3,0
0,9,1,3,1
0,9,1,3,1
0,9,1,3,0
0,9,1,3,0
0,9,1,3,0
0,9,1,3,0
0,9,4,3,1
0,9,1,3,0
0,9,1,3,0
0,9,4,3,0
0,9,1,3,0
0,9,4,3,0
0,9,3,3,2
0,9,7,3,0
0,9,4,3,0
0,9,1,3,0
0,9,1,3,0
0,9,1,3,1
0,9,1,3,0
0,9,1,3,1
0,9,1,3,1
0,9,6,3,4
0,9,1,3,4
0,9,1,3,2
0,9,4,3,0
0,9,1,3,2
0,9,4,3,0
0,9,7,3,0
0,9,4,3,1
0,9,1,3,0
0,9,5,3,0
0,9,1,3,1
0,9,1,3,0
0,9,2,3,0
0,9,4,3,1
0,9,4,3,0
0,9,3,3,1
0,9,2,3,0
0,9,2,3,1
0,9,4,3,0
0,9,1,3,0
0,9,1,3,1
0,9,1,3,0
0,9,1,3,0
0,9,1,3,0
0,9,1,3,0
0,9,1,3,0
0,9,1,3,0
0,9,1,3,0
0,9,1,3,0
0,9,4,3,4
0,9,1,3,0
0,9,1,3,0
0,9,1,3,0
0,9,1,3,0
0,9,1,3,1
0,9,1,3,1
0,9,3,3,2
0,9,1,3,0
0,9,1,3,3
0,9,1,3,1
0,9,1,3,2
0,9,1,3,0
0,9,1,3,0
0,9,2,3,2
0,9,1,3,0
0,9,1,3,1
0,9,1,3,0
0,9,1,3,0
0,9,1,3,0
0,9,1,3,1
0,9,1,3,0
0,9,1,3,0
0,9,1,3,0
0,9,1,3,0
0,9,1,3,0
0,9,4,3,0
0,9,3,3,0
0,9,3,3,0
0,9,20,3,11
0,9,4,3,1
0,9,3,3,0
0,9,2,3,2
0,9,1,3,0
0,9,4,3,1
0,9,1,3,1
0,9,1,3,0
0,9,3,3,0
0,9,2,3,0
0,9,1,3,0
0,9,3,3,0
0,9,1,3,0
0,9,1,3,1
0,9,1,3,1
0,9,1,3,0
0,9,1,3,0
0,9,4,3,1
0,9,2,3,0
0,9,2,3,0
0,9,2,3,0
0,9,4,3,2
0,9,3,3,0
0,9,3,3,0
0,9,4,3,3
0,9,3,3,0
0,9,1,3,0
0,9,1,3,0
0,9,1,3,4
0,9,1,3,1
0,9,1,3,0
0,9,1,3,0
0,9,1,3,0
0,9,1,3,0
0,9,1,3,1
0,9,3,3,0
0,9,5,3,1
0,9,1,3,6
0,9,3,3,5
0,9,4,3,0
0,9,3,3,0
0,9,6,3,1
0,9,1,3,0
0,9,1,3,0
0,9,1,3,0
0,9,4,3,1
0,9,5,3,0
0,9,1,3,0
0,9,1,3,0
0,9,1,3,1
0,9,4,3,1
0,9,1,3,0
0,9,3,3,1
0,9,1,3,1
0,9,1,3,0
0,9,1,3,0
0,9,1,3,0
0,9,1,3,0
0,9,1,3,0
0,9,6,3,15
0,9,4,3,0
0,9,4,3,1
0,9,1,3,0
0,9,4,3,1
0,9,3,3,1
0,9,2,3,0
0,9,1,3,2
0,9,12,3,1
0,9,5,3,0
0,9,1,3,1
0,9,1,3,0
0,9,1,3,1
0,9,1,3,0
0,9,1,3,0
0,9,1,3,0
0,9,1,3,0
0,9,1,3,0
0,9,1,3,1
0,9,1,3,0
0,9,7,3,0
0,9,1,3,0
0,9,1,3,0
0,9,1,3,0
0,9,1,3,0
0,9,1,3,0
0,9,1,3,0
0,9,1,3,1
0,9,1,3,0
0,9,1,3,0
0,9,1,3,1
0,9,1,3,1
0,9,1,3,0
0,9,1,3,2
1,0,0,0,0
1,0,0,0,2
1,0,0,0,1
1,0,0,0,11
1,0,0,0,8
1,0,0,0,0
1,0,0,0,2
1,0,0,0,1
1,0,0,0,7
1,0,0,0,10
1,0,0,0,2
1,0,0,0,2
1,0,0,0,4
1,0,0,0,3
1,0,0,0,2
1,0,0,0,0
1,0,0,0,0
1,0,0,0,0
1,0,0,0,1
1,0,0,0,15
1,0,0,0,1
1,0,0,0,32
1,0,0,0,0
1,0,0,0,16
1,0,0,0,26
1,0,0,0,10
1,0,0,0,0
1,0,0,0,0
1,0,0,0,1
1,0,0,0,3
1,0,0,0,20
1,0,0,0,1
1,0,0,0,23
1,0,0,0,1
1,0,0,0,0
1,0,0,0,0
1,0,0,0,8
1,0,0,0,3
1,0,0,0,1
1,0,0,0,0
1,0,0,0,5
1,0,0,0,1
1,0,0,0,1
1,0,0,0,1
1,0,0,0,2
1,0,0,0,2
1,0,0,0,0
1,0,0,0,1
1,0,0,0,0
1,0,0,0,3
1,0,0,0,2
1,0,0,0,1
1,0,0,0,0
1,0,0,0,2
1,0,0,0,3
1,0,0,0,9
1,0,0,0,4
1,0,0,0,17
1,0,0,0,13
1,0,0,0,4
1,0,0,0,1
1,0,0,0,7
1,0,0,0,0
1,0,0,0,0
1,0,0,0,5
1,0,0,0,0
1,0,0,0,20
1,0,0,0,0
1,0,0,0,4
1,0,0,0,1
1,0,0,0,2
1,0,0,0,0
1,0,0,0,14
1,0,0,0,5
1,0,0,0,1
1,0,0,0,2
1,0,0,0,0
1,0,0,0,0
1,0,0,0,4
1,0,0,0,0
1,0,0,0,0
1,0,0,0,1
1,0,0,0,2
1,0,0,0,8
1,0,0,0,1
1,0,0,0,6
1,0,0,0,0
1,0,0,0,2
1,0,0,0,1
1,0,0,0,3
1,0,0,0,2
1,0,0,0,0
1,0,0,0,0
1,0,0,0,4
1,0,0,0,2
1,0,0,0,1
1,0,0,0,13
1,0,0,0,6
1,0,0,0,0
1,0,0,0,3
1,0,0,0,0
1,0,0,0,22
1,0,0,0,2
1,0,0,0,2
1,0,0,0,16
1,0,0,0,8
1,0,0,0,0
1,0,0,0,5
1,0,0,0,5
1,0,0,0,4
1,0,0,0,1
1,0,0,0,0
1,0,0,0,25
1,0,0,0,1
1,0,0,0,2
1,0,0,0,0
1,0,0,0,8
1,0,0,0,0
1,0,0,0,4
1,0,0,0,3
1,0,0,0,24
1,0,0,0,4
1,0,0,0,7
1,0,0,0,15
1,0,0,0,5
1,0,0,0,0
1,0,0,0,1
1,0,0,0,0
1,0,0,0,8
1,0,0,0,4
1,0,0,0,0
1,0,0,0,1
1,0,0,0,12
1,0,0,0,0
1,0,0,0,3
1,0,0,0,2
1,0,0,0,4
1,0,0,0,6
1,0,0,0,21
1,0,0,0,0
1,0,0,0,2
1,0,0,0,6
1,0,0,0,0
1,0,0,0,0
1,0,0,0,3
1,0,0,0,8
1,0,0,0,3
1,0,0,0,0
1,0,0,0,2
1,0,0,0,0
1,0,0,0,24
1,0,0,0,2
1,0,0,0,2
1,0,0,0,2
1,0,0,0,3
1,0,0,0,4
1,0,0,0,0
1,0,0,0,2
1,0,0,0,0
1,0,0,0,20
1,0,0,0,0
1,0,0,0,2
1,0,0,0,2
1,0,0,0,1
1,0,0,0,1
1,0,0,0,1
1,0,0,0,3
1,0,0,0,14
1,0,0,0,17
1,0,0,0,0
1,0,0,0,0
1,0,0,0,1
1,0,0,0,3
1,0,0,0,51
1,0,0,0,36
1,0,0,0,12
1,0,0,0,2
1,0,0,0,10
1,0,0,0,0
1,0,0,0,2
1,0,0,0,2
1,0,0,0,1
1,0,0,0,5
1,0,0,0,3
1,0,0,0,1
1,0,0,0,3
1,0,0,0,3
1,0,0,0,19
1,0,0,0,3
1,0,0,0,0
1,0,0,0,3
1,0,0,0,1
1,0,0,0,0
1,0,0,0,0
1,0,0,0,1
1,0,0,0,1
1,0,0,0,0
1,0,0,0,0
1,0,0,0,2
1,0,0,0,2
1,0,0,0,13
1,0,0,0,2
1,0,0,0,2
1,0,0,0,4
1,0,0,0,2
1,0,0,0,0
1,0,0,0,0
1,0,0,0,16
1,0,0,0,2
1,0,0,0,0
1,0,0,0,47
1,0,0,0,0
1,0,0,0,1
1,0,0,0,0
1,0,0,0,19
1,0,0,0,5
1,0,0,0,1
1,0,0,0,1
1,0,0,0,1
1,0,0,0,11
1,0,0,0,21
1,0,0,0,0
1,0,0,0,0
1,0,0,0,1
1,0,0,0,0
1,0,0,0,0
1,0,0,0,3
1,0,0,0,3
1,0,0,0,27
1,0,0,0,1
1,0,0,0,2
1,0,0,0,39
1,0,0,0,15
1,0,0,0,0
1,0,0,0,0
1,0,0,0,1
1,0,0,0,5
1,0,0,0,0
1,0,0,0,1
1,0,0,0,1
1,0,0,0,0
1,0,0,0,2
1,0,0,0,1
1,0,0,0,1
1,0,0,0,1
1,0,0,0,2
1,0,0,0,0
1,0,0,0,0
1,0,0,0,38
1,0,0,0,0
1,0,0,0,0
1,0,0,0,2
1,0,0,0,2
1,0,0,0,1
1,0,0,0,38
1,0,0,0,0
1,0,0,0,6
1,0,0,0,8
1,0,0,0,2
1,0,0,0,1
1,0,0,0,0
1,0,0,0,1
1,0,0,0,5
1,0,0,0,0
1,0,0,0,0
1,0,0,0,2
1,0,0,0,1
1,0,0,0,1
1,0,0,0,2
1,0,0,0,0
1,0,0,0,1
1,0,0,0,13
1,0,0,0,4
1,0,0,0,39
1,0,0,0,0
1,0,0,0,20
1,0,0,0,0
1,0,0,0,3
1,0,0,0,38
1,0,0,0,7
1,0,0,0,20
1,0,0,0,3
1,0,0,0,0
1,0,0,0,0
1,0,0,0,0
1,0,0,0,3
1,0,0,0,37
1,0,0,0,4
1,0,0,0,0
1,0,0,0,17
1,0,0,0,3
1,0,0,0,1
1,0,0,0,38
1,0,0,0,37
1,0,0,0,1
1,0,0,0,0
1,0,0,0,38
1,0,0,0,3
1,0,0,0,5
1,0,0,0,1
1,0,0,0,12
1,0,0,0,3
1,0,0,0,14
1,0,0,0,37
1,0,0,0,7
1,0,0,0,1
1,0,0,0,53
1,0,0,0,0
1,0,0,0,45
1,0,0,0,1
1,0,0,0,2
1,0,0,0,2
1,0,0,0,2
1,0,0,0,0
1,0,0,0,6
1,0,0,0,2
1,0,0,0,9
1,0,0,0,6
1,0,0,0,7
1,0,0,0,1
1,0,0,0,5
1,0,0,0,0
1,0,0,0,5
1,0,0,0,0
1,0,0,0,1
1,0,0,0,1
1,0,0,0,3
1,0,0,0,4
1,0,0,0,1
1,0,0,0,0
1,0,0,0,1
1,0,0,0,33
1,0,0,0,17
1,0,0,0,2
1,0,0,0,20
1,0,0,0,0
1,0,0,0,1
1,0,0,0,0
1,0,0,0,0
1,0,0,0,0
1,0,0,0,1
1,0,0,0,0
1,0,0,0,1
1,0,0,0,0
1,0,0,0,1
1,0,0,0,3
1,0,0,0,1
1,0,0,0,3
1,0,0,0,2
1,0,0,0,0
1,0,0,0,7
1,0,0,0,9
1,0,0,0,2
1,0,0,0,2
1,0,0,0,0
1,0,0,0,2
1,0,0,0,0
1,0,0,0,8
1,0,0,0,3
1,0,0,0,0
1,0,0,0,0
1,0,0,0,1
1,0,0,0,0
1,0,0,0,7
1,0,0,0,0
1,0,0,0,5
1,0,0,0,0
1,0,0,0,5
1,0,0,0,1
1,0,0,0,2
1,0,0,0,6
1,0,0,0,2
1,0,0,0,1
1,0,0,0,1
1,0,0,0,3
1,0,0,0,2
1,0,0,0,3
1,0,0,0,18
1,0,0,0,2
1,0,0,0,1
1,0,0,0,2
1,0,0,0,0
1,0,0,0,7
1,0,0,0,8
1,0,0,0,6
1,0,0,0,6
1,0,0,0,8
1,0,0,0,4
1,0,0,0,0
1,0,0,0,3
1,0,0,0,0
1,0,0,0,1
1,0,0,0,20
1,0,0,0,10
1,0,0,0,0
1,0,0,0,25
1,0,0,0,1
1,0,0,0,10
1,0,0,0,21
1,0,0,0,3
1,0,0,0,4
1,0,0,0,8
1,0,0,0,7
1,0,0,0,1
1,0,0,0,10
1,0,0,0,11
1,0,0,0,2
1,0,0,0,3
1,0,0,0,4
1,0,0,0,1
1,0,0,0,3
1,0,0,0,16
1,0,0,0,7
1,0,0,0,4
1,0,0,0,11
1,0,0,0,0
1,0,0,0,4
1,0,0,0,2
1,0,0,0,1
1,0,0,0,6
1,0,0,0,16
1,0,0,0,3
1,0,0,0,1
1,0,0,0,0
1,0,0,0,1
1,0,0,0,3
1,0,0,0,11
1,0,0,0,19
1,0,0,0,2
1,0,0,0,0
1,0,0,0,4
1,0,0,0,0
1,0,0,0,2
1,0,0,0,2
1,0,0,0,1
1,0,0,0,26
1,0,0,0,11
1,0,0,0,9
1,0,0,0,2
1,0,0,0,1
1,0,0,0,2
1,0,0,0,1
1,0,0,0,4
1,0,0,0,4
1,0,0,0,1
1,0,0,0,1
1,0,0,0,1
1,0,0,0,1
1,0,0,0,3
1,0,0,0,2
1,0,0,0,11
1,0,0,0,2
1,0,0,0,19
1,0,0,0,16
1,0,0,0,0
1,0,0,0,3
1,0,0,0,17
1,0,0,0,1
1,0,0,0,0
1,0,0,0,0
1,0,0,0,2
1,0,0,0,2
1,0,0,0,6
1,0,0,0,1
1,0,0,0,0
1,0,0,0,1
1,0,0,0,0
1,0,0,0,3
1,0,0,0,3
1,0,0,0,0
1,0,0,0,15
1,0,0,0,2
1,0,0,0,0
1,0,0,0,2
1,0,0,0,0
1,0,0,0,3
1,0,0,0,0
1,0,0,0,1
1,0,0,0,0
1,0,0,0,0
1,0,0,0,1
1,0,0,0,0
1,0,0,0,4
1,0,0,0,3
1,0,0,0,0
1,0,0,0,15
1,0,0,0,3
1,0,0,0,3
1,0,0,0,16
1,0,0,0,4
1,0,0,0,0
1,0,0,0,0
1,0,0,0,8
1,0,0,0,1
1,0,0,0,7
1,0,0,0,5
1,0,0,0,1
1,0,0,0,14
1,0,0,0,3
1,0,0,0,0
1,0,0,0,1
1,0,0,0,2
1,0,0,0,3
1,0,0,0,0
1,0,0,0,15
1,0,0,0,2
1,0,0,0,0
1,0,0,0,4
1,0,0,0,6
1,0,0,0,2
1,0,0,0,5
1,0,0,0,9
1,0,0,0,6
1,0,0,0,5
1,0,0,0,2
1,0,0,0,0
1,0,0,0,0
1,0,0,0,1
1,0,0,0,1
1,0,0,0,0
1,0,0,0,0
1,0,0,0,2
1,0,0,0,2
1,0,0,0,0
1,0,0,0,2
1,0,0,0,13
1,0,0,0,0
1,0,0,0,9
1,0,0,0,0
1,0,0,0,15
1,0,0,0,2
1,0,0,0,3
1,0,0,0,4
1,0,0,0,0
1,0,0,0,0
1,0,0,0,3
1,0,0,0,1
1,0,0,0,0
1,0,0,0,13
1,0,0,0,3
1,0,0,0,3
1,0,0,0,0
1,0,0,0,1
1,0,0,0,3
1,0,0,0,1
1,0,0,0,4
1,0,0,0,1
1,0,0,0,1
1,0,0,0,1
1,0,0,0,6
1,0,0,0,3
1,0,0,0,0
1,0,0,0,1
1,0,0,0,0
1,0,0,0,1
1,0,0,0,1
1,0,0,0,24
1,0,0,0,1
1,0,0,0,0
1,0,0,0,2
1,0,0,0,13
1,0,0,0,1
1,0,0,0,2
1,0,0,0,2
1,0,0,0,13
1,0,0,0,1
1,0,0,0,0
1,0,0,0,5
1,0,0,0,16
1,0,0,0,0
1,0,0,0,22
1,0,0,0,0
1,0,0,0,3
1,0,0,0,0
1,0,0,0,1
1,0,0,0,1
1,0,0,0,1
1,0,0,0,11
1,0,0,0,39
1,0,0,0,30
1,0,0,0,0
1,0,0,0,1
1,0,0,0,0
1,0,0,0,8
1,0,0,0,1
1,0,0,0,1
1,0,0,0,0
1,0,0,0,3
1,0,0,0,3
1,0,0,0,2
1,0,0,0,0
1,0,0,0,0
1,0,0,0,2
1,0,0,0,1
1,0,0,0,2
1,0,0,0,0
1,0,0,0,2
1,0,0,0,0
1,0,0,0,0
1,0,0,0,2
1,0,0,0,14
1,0,0,0,2
1,0,0,0,3
1,0,0,0,12
1,0,0,0,0
1,0,0,0,0
1,0,0,0,32
1,0,0,0,2
1,0,0,0,2
1,0,0,0,4
1,0,0,0,0
1,0,0,0,4
1,0,0,0,0
1,0,0,0,3
1,0,0,0,17
1,0,0,0,1
1,0,0,0,7
1,0,0,0,1
1,0,0,0,1
1,0,0,0,3
1,0,0,0,4
1,0,0,0,12
1,0,0,0,2
1,0,0,0,2
1,0,0,0,0
1,0,0,0,1
1,0,0,0,1
1,0,0,0,5
1,0,0,0,0
1,0,0,0,1
1,0,0,0,1
1,0,0,0,1
1,0,0,0,0
1,0,0,0,1
1,0,0,0,14
1,0,0,0,7
1,0,0,0,1
1,0,0,0,1
1,0,0,0,1
1,0,0,0,3
1,0,0,0,8
1,0,0,0,6
1,0,0,0,0
1,0,0,0,26
1,0,0,0,10
1,0,0,0,3
1,0,0,0,10
1,0,0,0,0
1,0,0,0,2
1,0,0,0,1
1,0,0,0,0
1,0,0,0,0
1,0,0,0,1
1,0,0,0,0
1,0,0,0,16
1,0,0,0,4
1,0,0,0,3
1,0,0,0,0
1,0,0,0,1
1,0,0,0,0
1,0,0,0,0
1,0,0,0,3
1,0,0,0,2
1,0,0,0,1
1,0,0,0,3
1,0,0,0,3
1,0,0,0,4
1,0,0,0,4
1,0,0,0,0
1,0,0,0,5
1,0,0,0,1
1,0,0,0,6
1,0,0,0,1
1,0,0,0,6
1,0,0,0,4
1,0,0,0,0
1,0,0,0,3
1,0,0,0,0
1,0,0,0,13
1,0,0,0,3
1,0,0,0,1
1,0,0,0,4
1,0,0,0,0
1,0,0,0,5
1,0,0,0,0
1,0,0,0,2
1,0,0,0,2
1,0,0,0,1
1,0,0,0,4
1,0,0,0,4
1,0,0,0,2
1,0,0,0,0
1,0,0,0,0
1,0,0,0,1
1,0,0,0,0
1,0,0,0,5
1,0,0,0,3
1,0,0,0,2
1,0,0,0,0
1,0,0,0,12
1,0,0,0,0
1,0,0,0,0
1,0,0,0,2
1,0,0,0,1
1,0,0,0,0
1,0,0,0,0
1,0,0,0,0
1,0,0,0,3
1,0,0,0,1
1,0,0,0,23
1,0,0,0,1
1,0,0,0,0
1,0,0,0,7
1,0,0,0,1
1,0,0,0,6
1,0,0,0,0
1,0,0,0,0
1,0,0,0,0
1,0,0,0,15
1,0,0,0,2
1,0,0,0,7
1,0,0,0,4
1,0,0,0,0
1,0,0,0,2
1,0,0,0,5
1,0,0,0,13
1,0,0,0,7
1,0,0,0,3
1,0,0,0,5
1,0,0,0,0
1,0,0,0,4
1,0,0,0,1
1,0,0,0,5
1,0,0,0,0
1,0,0,0,0
1,0,0,0,0
1,0,0,0,2
1,0,0,0,1
1,0,0,0,0
1,0,0,0,2
1,0,0,0,0
1,0,0,0,3
1,0,0,0,3
1,0,0,0,0
1,0,0,0,5
1,0,0,0,7
1,0,0,0,3
1,0,0,0,3
1,0,0,0,0
1,0,0,0,1
1,0,0,0,0
1,0,0,0,0
1,0,0,0,0
1,0,0,0,13
1,0,0,0,0
1,0,0,0,0
1,0,0,0,0
1,0,0,0,0
1,0,0,0,0
1,0,0,0,2
1,0,0,0,3
1,0,0,0,6
1,0,0,0,0
1,0,0,0,14
1,0,0,0,7
1,0,0,0,2
1,0,0,0,2
1,0,0,0,0
1,0,0,0,5
1,0,0,0,0
1,0,0,0,0
1,0,0,0,0
1,0,0,0,2
1,0,0,0,1
1,0,0,0,5
1,0,0,0,2
1,0,0,0,0
1,0,0,0,0
1,0,0,0,0
1,0,0,0,6
1,0,0,0,1
1,0,0,0,10
1,0,0,0,0
1,0,0,0,1
1,0,0,0,0
1,0,0,0,0
1,0,0,0,0
1,0,0,0,0
1,0,0,0,0
1,0,0,0,0
1,0,0,0,0
1,0,0,0,11
1,0,0,0,2
1,0,0,0,13
1,0,0,0,17
1,0,0,0,17
1,0,0,0,14
1,0,0,0,0
1,0,0,0,1
1,0,0,0,10
1,0,0,0,11
1,0,0,0,0
1,0,0,0,2
1,0,0,0,5
1,0,0,0,1
1,0,0,0,9
1,0,0,0,3
1,0,0,0,1
1,0,0,0,4
1,0,0,0,13
1,0,0,0,0
1,0,0,0,2
1,0,0,0,4
1,0,0,0,2
1,0,0,0,9
1,0,0,0,4
1,0,0,0,8
1,0,0,0,1
1,0,0,0,0
1,0,0,0,0
1,0,0,0,2
1,0,0,0,0
1,0,0,0,0
1,0,0,0,0
1,0,0,0,5
1,0,0,0,29
1,0,0,0,0
1,0,0,0,1
1,0,0,0,0
1,0,0,0,0
1,0,0,0,0
1,0,0,0,4
1,0,0,0,3
1,0,0,0,1
1,0,0,0,13
1,0,0,0,2
1,0,0,0,1
1,0,0,0,0
1,0,0,0,1
1,0,0,0,9
1,0,0,0,1
1,0,0,0,0
1,0,0,0,3
1,0,0,0,0
1,0,0,0,3
1,0,0,0,0
1,0,0,0,2
1,0,0,0,3
1,0,0,0,2
1,0,0,0,10
1,0,0,0,0
1,0,0,0,1
1,0,0,0,1
1,0,0,0,2
1,0,0,0,5
1,0,0,0,8
1,0,0,0,1
1,0,0,0,29
1,0,0,0,3
1,0,0,0,0
1,0,0,0,6
1,0,0,0,0
1,0,0,0,3
1,0,0,0,3
1,0,0,0,0
1,0,0,0,1
1,0,0,0,0
1,0,0,0,0
1,0,0,0,1
1,0,0,0,0
1,0,0,0,0
1,0,0,0,10
1,0,0,0,8
1,0,0,0,0
1,0,0,0,0
1,0,0,0,0
1,0,0,0,2
1,0,0,0,1
1,0,0,0,1
1,0,0,0,2
1,0,0,0,4
1,0,0,0,0
1,0,0,0,3
1,0,0,0,15
1,0,0,0,2
1,0,0,0,0
1,0,0,0,1
1,0,0,0,1
1,0,0,0,2
1,0,0,0,2
1,0,0,0,1
1,0,0,0,2
1,0,0,0,4
1,0,0,0,6
1,0,0,0,2
1,0,0,0,0
1,0,0,0,0
1,0,0,0,0
1,0,0,0,1
1,0,0,0,0
1,0,0,0,2
1,0,0,0,3
1,0,0,0,1
1,0,0,0,1
1,0,0,0,0
1,0,0,0,0
1,0,0,0,0
1,0,0,0,11
1,0,0,0,1
1,0,0,0,4
1,0,0,0,9
1,0,0,0,7
1,0,0,0,0
1,0,0,0,1
1,0,0,0,4
1,0,0,0,7
1,0,0,0,0
1,0,0,0,1
1,0,0,0,1
1,0,0,0,0
1,0,0,0,1
1,0,0,0,0
1,0,0,0,0
1,0,0,0,1
1,0,0,0,0
1,0,0,0,25
1,0,0,0,7
1,0,0,0,0
1,0,0,0,0
1,0,0,0,0
1,0,0,0,4
1,0,0,0,0
1,0,0,0,3
1,0,0,0,0
1,0,0,0,1
1,0,0,0,15
1,0,0,0,0
1,0,0,0,0
1,0,0,0,0
1,0,0,0,0
1,0,0,0,1
1,0,0,0,0
1,0,0,0,6
1,0,0,0,7
1,0,0,0,5
1,0,0,0,0
1,0,0,0,16
1,0,0,0,25
1,0,0,0,2
1,0,0,0,6
1,0,0,0,10
1,0,0,0,16
1,0,0,0,1
1,0,0,0,3
1,0,0,0,3
1,0,0,0,1
1,0,0,0,4
1,0,0,0,1
1,0,0,0,0
1,0,0,0,3
1,0,0,0,0
1,0,0,0,0
1,0,0,0,12
1,0,0,0,7
1,0,0,0,12
1,0,0,0,9
1,0,0,0,0
1,0,0,0,1
1,0,0,0,1
1,0,0,0,3
1,0,0,0,0
1,0,0,0,20
1,0,0,0,16
1,0,0,0,1
1,0,0,0,0
1,0,0,0,6
1,0,0,0,0
1,0,0,0,5
1,0,0,0,2
1,0,0,0,14
1,0,0,0,25
1,0,0,0,4
1,0,0,0,9
1,0,0,0,1
1,0,0,0,0
1,0,0,0,0
1,0,0,0,10
1,0,0,0,0
1,0,0,0,0
1,0,0,0,1
1,0,0,0,1
1,0,0,0,1
1,0,0,0,0
1,0,0,0,9
1,0,0,0,5
1,0,0,0,1
1,0,0,0,8
1,0,0,0,0
1,0,0,0,0
1,0,0,0,0
1,0,0,0,1
1,0,0,0,1
1,0,0,0,2
1,0,0,0,5
1,0,0,0,1
1,0,0,0,7
1,0,0,0,25
1,0,0,0,4
1,0,0,0,1
1,0,0,0,3
1,0,0,0,8
1,0,0,0,0
1,0,0,0,0
1,0,0,0,1
1,0,0,0,0
1,0,0,0,4
1,0,0,0,2
1,0,0,0,0
1,0,0,0,1
1,0,0,0,0
1,0,0,0,0
1,0,0,0,0
1,0,0,0,0
1,0,0,0,14
1,0,0,0,1
1,0,0,0,0
1,0,0,0,0
1,0,0,0,13
1,0,0,0,3
1,0,0,0,14
1,0,0,0,0
1,0,0,0,1
1,0,0,0,7
1,0,0,0,7
1,0,0,0,0
1,0,0,0,0
1,0,0,0,2
1,0,0,0,2
1,0,0,0,1
1,0,0,0,11
1,0,0,0,3
1,0,0,0,8
1,0,0,0,17
1,0,0,0,1
1,0,0,0,1
1,0,0,0,8
1,0,0,0,1
1,0,0,0,1
1,0,0,0,3
1,0,0,0,0
1,0,0,0,12
1,0,0,0,1
1,0,0,0,1
1,0,0,0,1
1,0,0,0,2
1,0,0,0,3
1,0,0,0,0
1,0,0,0,1
1,0,0,0,4
1,0,0,0,0
1,0,0,0,0
1,0,0,0,1
1,0,0,0,2
1,0,0,0,0
1,0,0,0,3
1,0,0,0,0
1,0,0,0,2
1,0,0,0,1
1,0,0,0,4
1,0,0,0,0
1,0,0,0,2
1,0,0,0,2
1,0,0,0,1
1,0,0,0,2
1,0,0,0,3
1,0,0,0,0
1,0,0,0,0
1,0,0,0,0
1,0,0,0,1
1,0,0,0,1
1,0,0,0,8
1,0,0,0,2
1,0,0,0,1
1,0,0,0,2
1,0,0,0,17
1,0,0,0,1
1,0,0,0,3
1,0,0,0,0
1,0,0,0,8
1,0,0,0,0
1,0,0,0,4
1,0,0,0,4
1,0,0,0,0
1,0,0,0,0
1,0,0,0,0
1,0,0,0,0
1,0,0,0,1
1,0,0,0,1
1,0,0,0,2
1,0,0,0,1
1,0,0,0,6
1,0,0,0,4
1,0,0,0,0
1,0,0,0,0
1,0,0,0,9
1,0,0,0,5
1,0,0,0,1
1,0,0,0,0
1,0,0,0,5
1,0,0,0,7
1,0,0,0,2
1,0,0,0,22
1,0,0,0,3
1,0,0,0,1
1,0,0,0,1
1,0,0,0,1
1,0,0,0,2
1,0,0,0,4
1,0,0,0,2
1,0,0,0,3
1,0,0,0,14
1,0,0,0,1
1,0,0,0,12
1,0,0,0,15
1,0,0,0,2
1,0,0,0,2
1,0,0,0,0
1,0,0,0,1
1,0,0,0,18
1,0,0,0,39
1,0,0,0,3
1,0,0,0,14
1,0,0,0,1
1,0,0,0,1
1,0,0,0,2
1,0,0,0,3
1,0,0,0,4
1,0,0,0,0
1,0,0,0,7
1,0,0,0,1
1,0,0,0,2
1,0,0,0,0
1,0,0,0,0
1,0,0,0,0
1,0,0,0,0
1,0,0,0,1
1,0,0,0,0
1,0,0,0,3
1,0,0,0,3
1,0,0,0,0
1,0,0,0,0
1,0,0,0,0
1,0,0,0,4
1,0,0,0,12
1,0,0,0,0
1,0,0,0,7
1,0,0,0,4
1,0,0,0,0
1,0,0,0,0
1,0,0,0,0
1,0,0,0,3
1,0,0,0,5
1,0,0,0,0
1,0,0,0,9
1,0,0,0,1
1,0,0,0,0
1,0,0,0,6
1,0,0,0,3
1,0,0,0,9
1,0,0,0,0
1,0,0,0,25
1,0,0,0,0
1,0,0,0,0
1,0,0,0,1
1,0,0,0,2
1,0,0,0,0
1,0,0,0,2
1,0,0,0,11
1,0,0,0,15
1,0,0,0,1
1,0,0,0,0
1,0,0,0,22
1,0,0,0,4
1,0,0,0,2
1,0,0,0,2
1,0,0,0,19
1,0,0,0,1
1,0,0,0,1
1,0,0,0,2
1,0,0,0,1
1,0,0,0,0
1,0,0,0,1
1,0,0,0,0
1,0,0,0,3
1,0,0,0,2
1,0,0,0,1
1,0,0,0,0
1,0,0,0,1
1,0,0,0,12
1,0,0,0,4
1,0,0,0,0
1,0,0,0,3
1,0,0,0,1
1,0,0,0,17
1,0,0,0,2
1,0,0,0,10
1,0,0,0,2
1,0,0,0,4
1,0,0,0,9
1,0,0,0,1
1,0,0,0,3
1,0,0,0,0
1,0,0,0,0
1,0,0,0,0
1,0,0,0,6
1,0,0,0,0
1,0,0,0,6
1,0,0,0,0
1,0,0,0,1
1,0,0,0,0
1,0,0,0,18
1,0,0,0,2
1,0,0,0,12
1,0,0,0,1
1,0,0,0,18
1,0,0,0,0
1,0,0,0,0
1,0,0,0,2
1,0,0,0,3
1,0,0,0,3
1,0,0,0,5
1,0,0,0,18
1,0,0,0,0
1,0,0,0,1
1,0,0,0,2
1,0,0,0,1
1,0,0,0,0
1,0,0,0,1
1,0,0,0,4
1,0,0,0,7
1,0,0,0,0
1,0,0,0,8
1,0,0,0,4
1,0,0,0,1
1,0,0,0,12
1,0,0,0,3
1,0,0,0,1
1,0,0,0,4
1,0,0,0,5
1,0,0,0,5
1,0,0,0,24
1,0,0,0,18
1,0,0,0,2
1,0,0,0,0
1,0,0,0,0
1,0,0,0,17
1,0,0,0,6
1,0,0,0,8
1,0,0,0,15
1,0,0,0,2
1,0,0,0,0
1,0,0,0,29
1,0,0,0,9
1,0,0,0,2
1,0,0,0,4
1,0,0,0,0
1,0,0,0,4
1,0,0,0,2
1,0,0,0,1
1,0,0,0,4
1,0,0,0,17
1,0,0,0,4
1,0,0,0,3
1,0,0,0,3
1,0,0,0,6
1,0,0,0,0
1,0,0,0,2
1,0,0,0,2
1,0,0,0,10
1,0,0,0,0
1,0,0,0,3
1,0,0,0,0
1,0,0,0,1
1,0,0,0,0
1,0,0,0,2
1,0,0,0,15
1,0,0,0,0
1,0,0,0,3
1,0,0,0,0
1,0,0,0,2
1,0,0,0,0
1,0,0,0,0
1,0,0,0,15
1,0,0,0,1
1,0,0,0,3
1,0,0,0,1
1,0,0,0,2
1,0,0,0,1
1,0,0,0,3
1,0,0,0,5
1,0,0,0,4
1,0,0,0,1
1,0,0,0,2
1,0,0,0,1
1,0,0,0,0
1,0,0,0,2
1,0,0,0,5
1,0,0,0,0
1,0,0,0,3
1,0,0,0,1
1,0,0,0,4
1,0,0,0,1
1,0,0,0,1
1,0,0,0,2
1,0,0,0,23
1,0,0,0,2
1,0,0,0,2
1,0,0,0,0
1,0,0,0,30
1,0,0,0,3
1,0,0,0,2
1,0,0,0,10
1,0,0,0,7
1,0,0,0,4
1,0,0,0,15
1,0,0,0,31
1,0,0,0,3
1,0,0,0,1
1,0,0,0,26
1,0,0,0,1
1,0,0,0,3
1,0,0,0,2
1,0,0,0,2
1,0,0,0,30
1,0,0,0,14
1,0,0,0,6
1,0,0,0,3
1,0,0,0,2
1,0,0,0,1
1,0,0,0,2
1,0,0,0,4
1,0,0,0,0
1,0,0,0,2
1,0,0,0,2
1,0,0,0,0
1,0,0,0,1
1,0,0,0,2
1,0,0,0,3
1,0,0,0,0
1,0,0,0,0
1,0,0,0,1
1,0,0,0,31
1,0,0,0,0
1,0,0,0,5
1,0,0,0,2
1,0,0,0,12
1,0,0,0,2
1,0,0,0,1
1,0,0,0,4
1,0,0,0,2
1,0,0,0,15
1,0,0,0,1
1,0,0,0,1
1,0,0,0,1
1,0,0,0,0
1,0,0,0,0
1,0,0,0,0
1,0,0,0,16
1,0,0,0,0
1,0,0,0,7
1,0,0,0,0
1,0,0,0,8
1,0,0,0,0
1,0,0,0,6
1,0,0,0,3
1,0,0,0,0
1,0,0,0,0
1,0,0,0,4
1,0,0,0,1
1,0,0,0,3
1,0,0,0,0
1,0,0,0,5
1,0,0,0,3
1,0,0,0,0
1,0,0,0,2
1,0,0,0,0
1,0,0,0,6
1,0,0,0,3
1,0,0,0,3
1,0,0,0,5
1,0,0,0,1
1,0,0,0,4
1,0,0,0,6
1,0,0,0,2
1,0,0,0,3
1,0,0,0,8
1,0,0,0,2
1,0,0,0,4
1,0,0,0,0
1,0,0,0,1
1,0,0,0,1
1,0,0,0,3
1,0,0,0,0
1,0,0,0,3
1,0,0,0,0
1,0,0,0,5
1,0,0,0,0
1,0,0,0,20
1,0,0,0,16
1,0,0,0,0
1,0,0,0,5
1,0,0,0,6
1,0,0,0,1
1,0,0,0,22
1,0,0,0,0
1,0,0,0,1
1,0,0,0,1
1,0,0,0,0
1,0,0,0,1
1,0,0,0,2
1,0,0,0,8
1,0,0,0,12
1,0,0,0,17
1,0,0,0,3
1,0,0,0,16
1,0,0,0,1
1,0,0,0,0
1,0,0,0,5
1,0,0,0,0
1,0,0,0,2
1,0,0,0,5
1,0,0,0,0
1,0,0,0,21
1,0,0,0,5
1,0,0,0,14
1,0,0,0,3
1,0,0,0,1
1,0,0,0,1
1,0,0,0,24
1,0,0,0,14
1,0,0,0,0
1,0,0,0,4
1,0,0,0,22
1,0,0,0,2
1,0,0,0,5
1,0,0,0,6
1,0,0,0,0
1,0,0,0,11
1,0,0,0,1
1,0,0,0,1
1,0,0,0,0
1,0,0,0,1
1,0,0,0,1
1,0,0,0,2
1,0,0,0,3
1,0,0,0,1
1,0,0,0,8
1,0,0,0,0
1,0,0,0,0
1,0,0,0,2
1,0,0,0,0
1,0,0,0,1
1,0,0,0,0
1,0,0,0,16
1,0,0,0,1
1,0,0,0,4
1,0,0,0,1
1,0,0,0,2
1,0,0,0,4
1,0,0,0,0
1,0,0,0,0
1,0,0,0,0
1,0,0,0,0
1,0,0,0,1
1,0,0,0,4
1,0,0,0,3
1,0,0,0,3
1,0,0,0,0
1,0,0,0,1
1,0,0,0,16
1,0,0,0,2
1,0,0,0,5
1,0,0,0,9
1,0,0,0,4
1,0,0,0,3
1,0,0,0,2
1,0,0,0,3
1,0,0,0,0
1,0,0,0,3
1,0,0,0,1
1,0,0,0,0
1,0,0,0,2
1,0,0,0,0
1,0,0,0,37
1,0,0,0,36
1,0,0,0,1
1,0,0,0,1
1,0,0,0,0
1,0,0,0,1
1,0,0,0,5
1,0,0,0,0
1,10,1,6,5
1,18,7,9,2
1,10,6,6,2
1,13,6,17,6
1,18,5,9,2
1,10,0,4,6
1,9,2,5,4
1,14,13,4,6
1,11,0,4,8
1,19,0,8,2
1,9,3,9,0
1,10,3,3,0
1,10,6,6,1
1,14,33,19,6
1,9,2,6,1
1,11,0,5,0
1,9,0,4,4
1,9,2,4,4
1,10,0,4,3
1,10,2,3,5
1,18,7,9,1
1,22,1,7,5
1,9,0,4,4
1,10,0,7,1
1,10,14,5,0
1,9,3,6,2
1,10,0,4,3
1,10,6,6,1
1,9,39,4,0
1,17,3,4,4
1,22,2,7,3
1,20,1,7,2
1,21,7,10,1
1,14,0,7,6
1,7,1,4,6
1,7,1,4,6
1,12,24,5,0
1,12,24,5,0
1,6,1,3,45
1,6,1,3,45
1,9,4,8,2
1,9,4,8,2
1,7,17,7,9
1,8,0,11,0
1,19,2,7,1
1,11,1,4,1
1,10,42,4,1
1,9,2,5,4
1,20,2,8,2
1,10,2,7,0
1,10,6,6,1
1,18,3,4,1
1,10,2,3,2
1,9,0,3,0
1,11,1,9,0
1,19,3,5,4
1,9,2,5,4
1,15,3,12,1
1,20,2,8,5
1,10,3,3,3
1,14,23,4,2
1,12,2,3,9
1,10,2,3,5
1,18,3,5,4
1,11,2,7,0
1,10,1,5,0
1,9,13,11,2
1,11,1,4,0
1,12,2,5,2
1,10,1,3,1
1,10,3,4,4
1,14,11,3,2
1,10,6,7,2
1,55,2,6,4
1,25,2,6,2
1,12,8,8,5
1,9,3,3,3
1,11,3,3,4
1,10,3,4,0
1,18,2,7,0
1,10,0,6,0
1,18,4,5,0
1,18,4,5,0
1,12,2,4,2
1,10,0,6,0
1,11,1,4,0
1,10,20,5,4
1,22,3,10,5
1,11,1,5,5
1,10,0,6,0
1,11,0,5,6
1,11,0,10,49
1,10,1,4,2
1,11,0,5,0
1,23,12,5,1
1,8,1,6,10
1,10,13,5,7
1,9,3,7,3
1,10,0,5,0
1,10,3,8,4
1,20,2,8,2
1,12,0,7,0
1,14,3,7,8
1,14,2,8,5
1,10,6,6,1
1,11,2,6,5
1,11,6,14,5
1,11,6,4,1
1,9,2,6,1
1,10,3,3,3
1,19,0,8,2
1,10,28,5,26
1,10,0,5,4
1,10,4,3,1
1,10,2,3,3
1,16,1,5,2
1,11,1,10,1
1,10,3,3,2
1,10,0,3,7
1,23,2,6,1
1,14,19,3,2
1,9,0,7,0
1,17,5,6,0
1,21,6,6,7
1,10,6,7,2
1,8,3,8,5
1,12,9,8,2
1,17,2,6,4
1,21,2,3,2
1,20,2,8,2
1,11,9,7,3
1,10,39,5,0
1,10,4,6,9
1,12,2,6,5
1,9,0,9,0
1,12,0,5,0
1,24,4,10,4
1,9,2,7,1
1,11,2,6,5
1,9,3,8,2
1,10,2,4,0
1,10,0,8,0
1,10,1,4,0
1,10,20,5,2
1,11,0,4,7
1,10,8,4,0
1,19,2,15,0
1,14,2,4,4
1,12,6,16,6
1,20,6,4,0
1,9,2,3,4
1,10,1,9,0
1,9,2,6,6
1,10,39,5,4
1,17,11,3,5
1,10,6,7,2
1,11,0,5,2
1,10,16,5,10
1,18,4,10,0
1,13,0,5,4
1,22,1,8,4
1,8,3,4,1
1,24,1,7,8
1,21,2,5,3
1,10,0,4,3
1,10,1,8,1
1,10,0,6,19
1,54,3,5,4
1,12,5,10,1
1,9,16,8,5
1,12,0,4,2
1,9,2,4,4
1,13,27,4,7
1,25,2,5,3
1,9,0,4,6
1,10,2,7,0
1,19,4,5,17
1,10,2,3,2
1,10,2,3,5
1,16,2,5,3
1,15,2,6,1
1,19,4,5,17
1,10,24,28,2
1,9,2,4,1
1,21,2,7,1
1,17,3,5,2
1,10,3,3,3
1,10,2,8,6
1,11,0,6,0
1,15,2,9,0
1,12,1,4,53
1,18,3,5,2
1,11,0,3,7
1,11,1,4,1
1,10,19,6,2
1,10,0,7,0
1,11,6,3,1
1,12,0,5,6
1,9,2,3,0
1,16,16,6,6
1,10,17,5,6
1,18,1,7,7
1,9,0,5,0
1,17,1,6,2
1,23,3,6,2
1,12,0,5,62
1,10,0,8,0
1,20,3,9,2
1,11,0,4,9
1,10,3,9,6
1,12,1,12,0
1,10,13,5,11
1,12,1,12,0
1,10,1,11,0
1,10,0,6,0
1,9,0,5,0
1,9,1,4,16
1,14,24,5,9
1,10,3,9,5
1,28,4,10,7
1,16,3,5,2
1,9,6,9,6
1,10,16,5,3
1,9,2,6,6
1,10,0,5,2
1,11,1,7,1
1,10,0,3,9
1,10,3,4,8
1,18,1,6,6
1,9,3,8,2
1,16,1,5,2
1,10,19,6,3
1,18,2,7,5
1,13,1,5,1
1,14,3,4,6
1,19,1,8,6
1,19,1,8,9
1,11,3,4,2
1,9,1,7,5
1,9,1,7,5
1,12,4,11,6
1,11,25,6,10
1,9,0,5,6
1,19,1,8,9
1,21,1,8,4
1,10,2,5,9
1,14,21,4,17
1,12,17,5,14
1,45,0,3,0
1,19,5,5,3
1,11,0,10,0
1,12,2,4,3
1,25,1,11,0
1,17,5,6,1
1,23,7,4,30
1,10,3,4,3
1,9,1,4,14
1,18,23,5,3
1,11,2,7,1
1,11,1,3,55
1,28,3,4,2
1,9,0,3,0
1,17,0,4,13
1,11,1,4,55
1,11,1,4,55
1,8,5,2,0
1,29,11,5,2
1,29,11,5,2
1,10,3,5,8
1,8,3,2,0
1,10,24,1,7
1,10,24,1,7
1,15,3,6,0
1,16,16,7,6
1,10,27,5,10
1,57,1,8,1
1,18,1,6,7
1,24,11,6,1
1,10,15,3,4
1,20,1,7,9
1,10,3,8,8
1,53,2,5,2
1,10,17,5,12
1,11,6,3,1
1,10,0,9,0
1,9,2,5,2
1,20,1,8,27
1,22,4,7,5
1,12,0,4,5
1,18,4,8,4
1,11,0,4,1
1,10,1,4,76
1,10,23,5,18
1,12,3,9,1
1,19,3,5,2
1,11,10,13,4
1,11,7,3,5
1,10,1,8,1
1,12,2,4,0
1,21,7,3,15
1,10,19,6,2
1,18,4,11,4
1,22,0,3,0
1,12,3,6,5
1,9,4,3,1
1,9,2,6,0
1,9,2,6,0
1,10,26,5,9
1,10,0,8,0
1,12,2,6,1
1,22,1,14,0
1,13,1,7,4
1,10,0,9,1
1,17,15,7,1
1,19,1,12,0
1,11,0,5,0
1,19,0,3,0
1,14,24,3,0
1,10,15,5,0
1,10,2,5,1
1,38,0,3,0
1,18,1,8,10
1,18,5,6,1
1,15,2,8,1
1,10,1,5,7
1,9,0,8,23
1,8,1,1,2
1,7,2,1,1
1,18,2,7,20
1,13,3,6,0
1,10,5,2,1
1,10,5,2,1
1,9,26,2,0
1,17,3,7,0
1,17,3,7,0
1,15,3,2,0
1,23,2,9,0
1,25,2,10,0
1,7,2,1,1
1,4,2,1,0
1,8,4,2,0
1,9,2,5,6
1,11,3,2,19
1,11,3,2,19
1,11,3,2,19
1,11,3,2,19
1,6,1,2,0
1,20,2,6,7
1,62,0,3,0
1,10,0,7,0
1,10,0,6,0
1,12,3,3,12
1,22,3,6,10
1,15,0,7,3
1,13,15,5,8
1,15,20,4,2
1,20,1,6,15
1,12,6,9,12
1,12,2,10,0
1,11,0,5,5
1,9,1,7,2
1,9,2,4,0
1,9,17,4,13
1,10,1,8,0
1,14,16,17,6
1,12,4,15,2
1,12,2,8,3
1,11,6,4,1
1,22,7,7,5
1,24,4,6,4
1,11,1,5,0
1,24,4,6,4
1,23,4,6,9
1,11,0,9,51
1,15,19,5,2
1,14,16,6,8
1,10,28,5,4
1,28,2,8,3
1,8,2,6,0
1,19,6,8,0
1,12,0,10,0
1,11,3,4,3
1,11,1,3,55
1,10,2,7,2
1,10,45,6,6
1,14,11,4,4
1,11,1,6,2
1,31,6,9,3
1,20,2,7,4
1,24,8,5,3
1,12,44,4,6
1,11,0,5,12
1,24,2,8,3
1,18,10,4,9
1,11,22,6,3
1,13,19,4,9
1,10,3,4,7
1,12,0,7,4
1,12,0,6,2
1,10,1,5,7
1,10,1,5,7
1,20,3,5,1
1,24,8,5,3
1,13,0,10,2
1,10,1,9,0
1,15,4,5,18
1,28,2,6,3
1,10,1,4,0
1,15,12,5,2
1,10,28,5,26
1,24,6,9,3
1,13,0,5,14
1,22,3,9,2
1,11,0,7,0
1,36,2,6,0
1,11,1,3,79
1,40,15,5,1
1,17,5,6,1
1,13,19,4,9
1,11,0,9,23
1,23,6,6,3
1,28,4,6,0
1,11,1,6,12
1,11,1,10,0
1,12,3,4,7
1,10,3,4,10
1,11,4,14,2
1,15,4,5,18
1,9,3,7,2
1,12,0,5,6
1,12,3,6,4
1,9,3,9,1
1,23,4,8,50
1,13,0,6,50
1,11,4,8,2
1,18,11,13,1
1,12,6,7,11
1,11,1,4,55
1,10,2,5,2
1,15,2,12,3
1,12,32,4,9
1,11,3,4,3
1,10,1,5,0
1,15,5,4,2
1,11,3,4,6
1,11,7,3,5
1,10,16,5,3
1,12,68,4,4
1,9,2,7,1
1,11,3,4,3
1,10,0,10,0
1,9,3,7,1
1,24,9,5,4
1,19,2,5,0
1,31,10,9,8
1,23,7,9,20
1,10,2,6,3
1,12,0,5,2
1,15,26,4,9
1,12,51,4,4
1,21,0,6,43
1,11,3,10,2
1,22,7,5,4
1,11,2,12,0
1,10,13,5,3
1,9,0,7,6
1,11,4,5,1
1,9,2,6,2
1,10,3,4,7
1,10,2,5,4
1,23,7,9,20
1,15,15,4,6
1,16,4,11,4
1,11,4,11,2
1,11,3,4,3
1,11,0,5,10
1,11,0,3,8
1,13,16,3,14
1,25,37,6,4
1,11,2,4,3
1,13,7,6,9
1,17,1,8,3
1,10,0,3,0
1,12,52,4,4
1,15,17,4,8
1,10,13,5,1
1,11,1,5,76
1,12,15,4,7
1,57,2,8,4
1,21,8,5,0
1,22,4,6,8
1,11,1,3,0
1,11,3,5,4
1,15,27,4,3
1,28,0,5,15
1,28,0,5,15
1,10,15,5,6
1,12,8,5,5
1,11,2,5,2
1,12,0,6,13